sku,product_name,category,subcategory,brand,price,cost,weight_lbs,length_in,width_in,height_in,shipping_class,stock_quantity,is_active
F-CE-00001,Apex Athletics Premier Folding Treadmill Edge,Fitness,Cardio Equipment,Apex Athletics,1095.99,763.39,155.16,72.44,30.62,58.81,OVERSIZED,20,TRUE
F-CE-00002,IronPeak Fitness Essential Rowing Machine Edge,Fitness,Cardio Equipment,IronPeak Fitness,976.99,531.21,64.29,76.28,22.38,30.92,LARGE,100,TRUE
F-CE-00003,BlueWave Sports Precision Folding Treadmill Edge,Fitness,Cardio Equipment,BlueWave Sports,1148.99,764.21,149.47,74.38,31.06,60.91,OVERSIZED,20,TRUE
F-CE-00004,Velocity Gear Classic Elliptical Trainer Edge,Fitness,Cardio Equipment,Velocity Gear,727.99,501.10,178.63,74.02,29.05,69.88,OVERSIZED,20,TRUE
F-CE-00005,CoreEdge Classic Rowing Machine Edge,Fitness,Cardio Equipment,CoreEdge,1020.92,583.19,99.46,83.09,24.72,29.78,LARGE,100,TRUE
F-CE-00006,CourtLine Trail Folding Treadmill XR,Fitness,Cardio Equipment,CourtLine,1163.99,567.09,260.68,66.93,34.30,54.96,OVERSIZED,20,TRUE
F-CE-00007,Northstar Outdoor Precision Folding Treadmill X1,Fitness,Cardio Equipment,Northstar Outdoor,1510.99,744.01,206.43,71.20,36.23,60.31,OVERSIZED,20,TRUE
F-CE-00008,CourtLine Precision Rowing Machine GT,Fitness,Cardio Equipment,CourtLine,472.99,256.75,83.29,81.23,22.94,29.08,LARGE,100,TRUE
F-CE-00009,CoreEdge Classic Exercise Bike LT,Fitness,Cardio Equipment,CoreEdge,930.99,477.98,77.47,46.38,26.00,55.36,OVERSIZED,20,TRUE
F-CE-00010,Velocity Gear Active Exercise Bike Edge,Fitness,Cardio Equipment,Velocity Gear,718.95,457.24,136.34,47.66,22.72,46.36,OVERSIZED,20,TRUE
F-CE-00011,Vantage Sport Elite Rowing Machine GT 11,Fitness,Cardio Equipment,Vantage Sport,519.99,331.56,56.31,75.30,22.92,31.24,LARGE,100,TRUE
F-CE-00012,StrikeZone Athletics Endurance Exercise Bike Max 12,Fitness,Cardio Equipment,StrikeZone Athletics,640.99,312.78,91.23,51.32,24.74,54.42,OVERSIZED,20,TRUE
F-CE-00013,BlueWave Sports Competition Folding Treadmill Max 13,Fitness,Cardio Equipment,BlueWave Sports,1517.93,962.14,253.98,68.51,30.10,55.66,OVERSIZED,20,TRUE
F-CE-00014,IronPeak Fitness Pro Folding Treadmill S 14,Fitness,Cardio Equipment,IronPeak Fitness,1045.99,736.83,212.82,74.06,37.80,53.93,OVERSIZED,20,TRUE
F-CE-00015,EverPeak Core Folding Treadmill S 15,Fitness,Cardio Equipment,EverPeak,994.99,666.28,268.69,71.51,33.12,54.14,OVERSIZED,20,TRUE
F-CE-00016,ForgeLine Competition Rowing Machine X1 16,Fitness,Cardio Equipment,ForgeLine,1265.99,617.65,71.54,78.59,24.10,26.49,LARGE,100,TRUE
F-CE-00017,Summit Sports Performance Rowing Machine Edge 17,Fitness,Cardio Equipment,Summit Sports,762.99,511.62,63.90,89.97,21.30,29.23,LARGE,100,TRUE
F-CE-00018,Pulse Athletics Premier Step Trainer S 18,Fitness,Cardio Equipment,Pulse Athletics,671.99,441.81,47.03,47.48,29.35,50.88,LARGE,100,TRUE
F-CE-00019,IronPeak Fitness Trail Folding Treadmill S 19,Fitness,Cardio Equipment,IronPeak Fitness,1036.99,501.20,198.28,82.14,35.20,51.79,OVERSIZED,20,TRUE
F-CE-00020,ForgeLine Trail Step Trainer S 20,Fitness,Cardio Equipment,ForgeLine,490.99,342.32,77.99,39.68,24.89,49.91,LARGE,100,TRUE
F-ST-00021,StrikeZone Athletics Active Weight Plate Set XR,Fitness,Strength Training,StrikeZone Athletics,334.99,190.48,55.58,24.41,21.72,14.64,LARGE,100,TRUE
F-ST-00022,Summit Sports Elite Olympic Barbell Max,Fitness,Strength Training,Summit Sports,144.99,99.40,47.31,83.88,2.95,2.71,LARGE,100,TRUE
F-ST-00023,Apex Athletics Premier Olympic Barbell X1,Fitness,Strength Training,Apex Athletics,362.99,207.07,42.80,77.93,3.14,2.89,LARGE,100,TRUE
F-ST-00024,Northstar Outdoor Precision Cast Iron Kettlebell S,Fitness,Strength Training,Northstar Outdoor,121.99,60.02,24.67,12.60,9.95,12.31,STANDARD,1000,TRUE
F-ST-00025,Summit Sports Active Weight Plate Set S,Fitness,Strength Training,Summit Sports,344.99,175.70,95.15,23.55,22.72,13.33,LARGE,100,TRUE
F-ST-00026,EverPeak Active Adjustable Dumbbell Set Max,Fitness,Strength Training,EverPeak,332.99,199.28,79.33,24.64,14.19,12.92,LARGE,100,TRUE
F-ST-00027,Apex Athletics Precision Weight Plate Set LT,Fitness,Strength Training,Apex Athletics,310.99,215.35,110.62,22.23,20.02,15.37,LARGE,100,TRUE
F-ST-00028,RidgeRunner Core Olympic Barbell NX,Fitness,Strength Training,RidgeRunner,192.25,111.77,40.28,91.39,3.00,3.18,LARGE,100,TRUE
F-ST-00029,Vantage Sport Classic Olympic Barbell Pro,Fitness,Strength Training,Vantage Sport,241.99,174.18,44.58,76.48,3.08,2.95,LARGE,100,TRUE
F-ST-00030,Summit Sports Trail Olympic Barbell LT,Fitness,Strength Training,Summit Sports,158.99,90.67,38.94,76.42,3.02,3.01,LARGE,100,TRUE
F-ST-00031,TrailForge Classic Flat Weight Bench X1,Fitness,Strength Training,TrailForge,341.99,182.36,61.67,52.76,16.71,18.72,LARGE,100,TRUE
F-ST-00032,PeakMotion Elite Flat Weight Bench X1,Fitness,Strength Training,PeakMotion,223.99,135.88,39.47,51.01,17.92,19.61,LARGE,100,TRUE
F-ST-00033,ForgeLine Essential Cast Iron Kettlebell LT 13,Fitness,Strength Training,ForgeLine,78.99,44.61,52.43,11.97,8.79,11.96,STANDARD,1000,TRUE
F-ST-00034,CoreEdge Essential Power Rack GT 14,Fitness,Strength Training,CoreEdge,1746.99,861.31,275.34,56.20,49.82,76.89,OVERSIZED,20,TRUE
F-ST-00035,Pulse Athletics Competition Weight Plate Set Max 15,Fitness,Strength Training,Pulse Athletics,303.96,174.98,78.23,22.49,23.59,14.54,LARGE,100,TRUE
F-ST-00036,Velocity Gear Active Weight Plate Set S 16,Fitness,Strength Training,Velocity Gear,266.99,141.45,216.57,21.29,20.21,13.17,LARGE,100,TRUE
F-ST-00037,Altitude Works Classic Adjustable Dumbbell Set S 17,Fitness,Strength Training,Altitude Works,473.99,325.07,85.06,26.47,17.01,11.65,LARGE,100,TRUE
F-ST-00038,Velocity Gear Trail Weight Plate Set Max 18,Fitness,Strength Training,Velocity Gear,363.99,214.97,195.59,20.50,21.91,15.41,LARGE,100,TRUE
F-ST-00039,Vantage Sport Competition Power Rack S 19,Fitness,Strength Training,Vantage Sport,515.47,368.62,160.05,54.25,49.47,85.82,OVERSIZED,20,TRUE
F-ST-00040,CoreEdge Precision Adjustable Dumbbell Set NX 20,Fitness,Strength Training,CoreEdge,297.40,162.89,62.89,25.52,15.13,12.00,LARGE,100,TRUE
F-YM-00041,Pulse Athletics Essential Yoga Block Set XR,Fitness,Yoga & Mobility,Pulse Athletics,30.47,21.72,2.35,11.61,8.19,5.94,STANDARD,1000,TRUE
F-YM-00042,Vantage Sport Elite Stretching Strap X1,Fitness,Yoga & Mobility,Vantage Sport,19.00,9.69,0.82,9.05,4.92,2.21,STANDARD,1000,TRUE
F-YM-00043,Redwood Sporting Core Foam Roller X2,Fitness,Yoga & Mobility,Redwood Sporting,15.99,9.25,2.02,22.98,6.86,7.77,STANDARD,1000,TRUE
F-YM-00044,Altitude Works Endurance Stretching Strap X2,Fitness,Yoga & Mobility,Altitude Works,15.99,10.73,0.80,8.76,4.68,2.08,STANDARD,1000,TRUE
F-YM-00045,IronPeak Fitness Competition Stretching Strap X1,Fitness,Yoga & Mobility,IronPeak Fitness,9.39,4.91,0.47,8.07,5.16,1.85,STANDARD,1000,TRUE
F-YM-00046,Redwood Sporting Pro Yoga Block Set X2,Fitness,Yoga & Mobility,Redwood Sporting,29.99,18.30,1.95,12.52,8.03,6.05,STANDARD,1000,TRUE
F-YM-00047,Northstar Outdoor Elite Yoga Mat XR,Fitness,Yoga & Mobility,Northstar Outdoor,38.06,21.32,6.03,29.00,6.52,6.17,STANDARD,1000,TRUE
F-YM-00048,EverPeak Trail Balance Board LT,Fitness,Yoga & Mobility,EverPeak,59.99,33.11,8.00,24.51,16.81,3.69,STANDARD,1000,TRUE
F-YM-00049,CoreEdge Precision Stretching Strap X2,Fitness,Yoga & Mobility,CoreEdge,25.99,18.50,0.55,9.14,5.25,2.21,STANDARD,1000,TRUE
F-YM-00050,Northstar Outdoor Elite Yoga Mat Pro,Fitness,Yoga & Mobility,Northstar Outdoor,53.99,31.48,3.77,24.93,7.74,7.75,STANDARD,1000,TRUE
F-YM-00051,Northstar Outdoor Core Balance Board Edge 11,Fitness,Yoga & Mobility,Northstar Outdoor,75.99,50.46,7.05,21.43,15.85,3.78,STANDARD,1000,TRUE
F-YM-00052,RidgeRunner Premier Stretching Strap GT 12,Fitness,Yoga & Mobility,RidgeRunner,12.99,8.17,0.95,9.84,4.70,2.03,STANDARD,1000,TRUE
F-YM-00053,EverPeak Active Balance Board Max 13,Fitness,Yoga & Mobility,EverPeak,140.99,96.73,8.72,24.04,16.96,4.00,STANDARD,1000,TRUE
F-YM-00054,BlueWave Sports Essential Balance Board X2 14,Fitness,Yoga & Mobility,BlueWave Sports,128.99,70.06,13.22,22.50,14.18,4.46,STANDARD,1000,TRUE
F-YM-00055,TitanTrail Essential Balance Board XR 15,Fitness,Yoga & Mobility,TitanTrail,107.99,71.03,4.19,19.80,17.75,4.43,STANDARD,1000,TRUE
F-YM-00056,Summit Sports Essential Balance Board Edge 16,Fitness,Yoga & Mobility,Summit Sports,74.31,46.77,4.60,24.36,16.50,3.55,STANDARD,1000,TRUE
F-YM-00057,ForgeLine Premier Yoga Block Set NX 17,Fitness,Yoga & Mobility,ForgeLine,26.99,18.34,3.63,10.59,8.90,6.36,STANDARD,1000,TRUE
F-YM-00058,Apex Athletics Endurance Foam Roller LT 18,Fitness,Yoga & Mobility,Apex Athletics,16.99,11.67,2.46,24.51,6.21,6.81,STANDARD,1000,TRUE
F-YM-00059,BlueWave Sports Classic Balance Board S 19,Fitness,Yoga & Mobility,BlueWave Sports,39.17,22.97,6.53,20.16,16.84,3.71,STANDARD,1000,TRUE
F-YM-00060,RidgeRunner Classic Yoga Block Set S 20,Fitness,Yoga & Mobility,RidgeRunner,21.99,15.32,2.16,12.49,9.06,5.50,STANDARD,1000,TRUE
F-HGE-00061,BlueWave Sports Premier Multi-Station Home Gym Edge,Fitness,Home Gym Equipment,BlueWave Sports,1873.99,1015.12,383.93,72.68,56.37,82.02,OVERSIZED,20,TRUE
F-HGE-00062,BlueWave Sports Trail Adjustable Bench Pro,Fitness,Home Gym Equipment,BlueWave Sports,478.99,312.75,72.61,62.43,22.63,21.80,LARGE,100,TRUE
F-HGE-00063,RidgeRunner Active Cable Pulley Station XR,Fitness,Home Gym Equipment,RidgeRunner,1052.99,747.30,140.84,44.47,41.13,73.60,OVERSIZED,20,TRUE
F-HGE-00064,Apex Athletics Classic Functional Trainer X2,Fitness,Home Gym Equipment,Apex Athletics,3401.99,2099.61,336.72,70.57,46.11,84.73,OVERSIZED,20,TRUE
F-HGE-00065,CoreEdge Pro Adjustable Bench X1,Fitness,Home Gym Equipment,CoreEdge,602.99,360.23,60.99,57.13,26.30,20.32,LARGE,100,TRUE
F-HGE-00066,ForgeLine Pro Adjustable Bench LT,Fitness,Home Gym Equipment,ForgeLine,228.52,111.34,90.68,54.94,25.40,18.33,LARGE,100,TRUE
F-HGE-00067,Altitude Works Pro Multi-Station Home Gym GT,Fitness,Home Gym Equipment,Altitude Works,1524.34,854.84,358.37,87.26,64.02,90.24,OVERSIZED,20,TRUE
F-HGE-00068,Altitude Works Competition Functional Trainer Edge,Fitness,Home Gym Equipment,Altitude Works,2551.99,1385.23,475.39,67.08,54.32,75.33,OVERSIZED,20,TRUE
F-HGE-00069,CoreEdge Trail Multi-Station Home Gym NX 9,Fitness,Home Gym Equipment,CoreEdge,1216.99,853.56,529.09,85.64,57.16,87.42,OVERSIZED,20,TRUE
F-HGE-00070,TrailForge Classic Multi-Station Home Gym LT 10,Fitness,Home Gym Equipment,TrailForge,1439.99,799.67,298.15,78.71,65.13,72.18,OVERSIZED,20,TRUE
F-HGE-00071,Velocity Gear Essential Cable Pulley Station NX 11,Fitness,Home Gym Equipment,Velocity Gear,650.99,403.55,213.48,45.25,36.12,83.88,OVERSIZED,20,TRUE
F-HGE-00072,ForgeLine Active Adjustable Bench GT 12,Fitness,Home Gym Equipment,ForgeLine,277.99,174.46,95.75,57.71,24.95,22.00,LARGE,100,TRUE
F-HGE-00073,Velocity Gear Performance Cable Pulley Station LT 13,Fitness,Home Gym Equipment,Velocity Gear,814.99,503.67,118.55,44.96,44.19,75.56,OVERSIZED,20,TRUE
F-HGE-00074,CoreEdge Elite Cable Pulley Station Edge 14,Fitness,Home Gym Equipment,CoreEdge,1104.99,626.64,97.70,51.64,36.69,84.29,OVERSIZED,20,TRUE
F-HGE-00075,StrikeZone Athletics Elite Cable Pulley Station Max 15,Fitness,Home Gym Equipment,StrikeZone Athletics,560.99,272.56,146.08,47.25,41.30,87.35,OVERSIZED,20,TRUE
F-HGE-00076,CoreEdge Competition Cable Pulley Station GT 16,Fitness,Home Gym Equipment,CoreEdge,1206.51,684.52,167.54,50.16,42.29,75.23,OVERSIZED,20,TRUE
F-HGE-00077,Altitude Works Active Cable Pulley Station Edge 17,Fitness,Home Gym Equipment,Altitude Works,470.99,230.70,145.32,42.41,38.96,73.76,OVERSIZED,20,TRUE
F-HGE-00078,Redwood Sporting Performance Cable Pulley Station S 18,Fitness,Home Gym Equipment,Redwood Sporting,1275.99,751.94,125.35,53.26,36.13,87.33,OVERSIZED,20,TRUE
F-HGE-00079,Apex Athletics Trail Cable Pulley Station S 19,Fitness,Home Gym Equipment,Apex Athletics,505.99,263.88,127.35,43.38,38.93,89.62,OVERSIZED,20,TRUE
F-HGE-00080,IronPeak Fitness Elite Functional Trainer NX 20,Fitness,Home Gym Equipment,IronPeak Fitness,3047.99,1718.61,569.02,60.06,47.15,77.18,OVERSIZED,20,TRUE
F-FA-00081,Redwood Sporting Precision Gym Towel XR,Fitness,Fitness Accessories,Redwood Sporting,14.99,7.24,0.24,10.71,7.31,2.14,STANDARD,1000,TRUE
F-FA-00082,IronPeak Fitness Precision Gym Towel GT,Fitness,Fitness Accessories,IronPeak Fitness,11.37,8.14,0.88,10.16,8.88,1.87,STANDARD,1000,TRUE
F-FA-00083,Velocity Gear Essential Gym Towel X1,Fitness,Fitness Accessories,Velocity Gear,21.99,10.88,0.79,9.59,8.31,2.17,STANDARD,1000,TRUE
F-FA-00084,FieldCraft Core Workout Gloves NX,Fitness,Fitness Accessories,FieldCraft,31.99,17.80,0.72,10.26,6.69,1.83,STANDARD,1000,TRUE
F-FA-00085,CoreEdge Elite Jump Rope X1,Fitness,Fitness Accessories,CoreEdge,17.99,9.33,1.36,8.63,6.32,2.10,STANDARD,1000,TRUE
F-FA-00086,Redwood Sporting Performance Jump Rope Max,Fitness,Fitness Accessories,Redwood Sporting,37.99,22.88,0.38,9.05,6.46,1.77,STANDARD,1000,TRUE
F-FA-00087,FieldCraft Premier Workout Gloves LT,Fitness,Fitness Accessories,FieldCraft,19.99,13.59,0.85,10.05,5.59,2.15,STANDARD,1000,TRUE
F-FA-00088,ForgeLine Classic Resistance Band Set GT,Fitness,Fitness Accessories,ForgeLine,16.35,10.33,1.28,10.35,7.83,2.93,STANDARD,1000,TRUE
F-FA-00089,TrailForge Active Jump Rope XR,Fitness,Fitness Accessories,TrailForge,22.79,15.87,1.20,10.06,5.55,2.14,STANDARD,1000,TRUE
F-FA-00090,EverPeak Active Fitness Step Platform XR,Fitness,Fitness Accessories,EverPeak,138.99,97.32,14.09,31.39,13.17,7.43,STANDARD,1000,TRUE
F-FA-00091,Summit Sports Elite Resistance Band Set X2 11,Fitness,Fitness Accessories,Summit Sports,31.70,17.41,1.67,9.87,8.81,3.31,STANDARD,1000,TRUE
F-FA-00092,Altitude Works Classic Fitness Step Platform Edge 12,Fitness,Fitness Accessories,Altitude Works,78.99,38.24,12.78,28.58,14.31,7.42,STANDARD,1000,TRUE
F-FA-00093,ForgeLine Core Resistance Band Set Pro 13,Fitness,Fitness Accessories,ForgeLine,16.99,11.30,1.07,9.26,8.39,3.14,STANDARD,1000,TRUE
F-FA-00094,Velocity Gear Endurance Fitness Step Platform X1 14,Fitness,Fitness Accessories,Velocity Gear,78.99,53.28,16.53,34.44,12.35,8.54,STANDARD,1000,TRUE
F-FA-00095,Northstar Outdoor Endurance Workout Gloves X2 15,Fitness,Fitness Accessories,Northstar Outdoor,37.99,26.11,0.54,10.56,5.50,2.06,STANDARD,1000,TRUE
F-FA-00096,ForgeLine Endurance Jump Rope X2 16,Fitness,Fitness Accessories,ForgeLine,17.99,10.97,0.96,8.86,5.36,1.85,STANDARD,1000,TRUE
F-FA-00097,CoreEdge Core Fitness Step Platform Max 17,Fitness,Fitness Accessories,CoreEdge,116.45,58.13,11.18,28.85,13.46,8.41,STANDARD,1000,TRUE
F-FA-00098,FieldCraft Elite Workout Gloves Edge 18,Fitness,Fitness Accessories,FieldCraft,37.53,20.41,0.93,9.55,5.61,2.04,STANDARD,1000,TRUE
F-FA-00099,StrikeZone Athletics Pro Resistance Band Set Pro 19,Fitness,Fitness Accessories,StrikeZone Athletics,39.40,21.44,2.72,11.07,8.54,3.11,STANDARD,1000,TRUE
F-FA-00100,Pulse Athletics Competition Gym Towel Edge 20,Fitness,Fitness Accessories,Pulse Athletics,13.99,6.78,0.64,10.97,8.11,2.23,STANDARD,1000,TRUE
TS-B-00101,Summit Sports Classic Indoor Outdoor Basketball Max,Team Sports,Basketball,Summit Sports,67.99,46.39,1.55,10.41,10.10,9.19,STANDARD,1000,TRUE
TS-B-00102,Apex Athletics Endurance Indoor Outdoor Basketball X1,Team Sports,Basketball,Apex Athletics,49.99,29.87,1.55,9.11,9.05,9.05,STANDARD,1000,TRUE
TS-B-00103,Redwood Sporting Endurance Indoor Outdoor Basketball GT,Team Sports,Basketball,Redwood Sporting,42.99,22.83,1.26,10.20,10.71,10.40,STANDARD,1000,TRUE
TS-B-00104,FieldCraft Elite Basketball Training Cone Set XR,Team Sports,Basketball,FieldCraft,18.99,11.66,4.85,12.36,10.07,7.16,STANDARD,1000,TRUE
TS-B-00105,Summit Sports Performance Indoor Outdoor Basketball X1,Team Sports,Basketball,Summit Sports,63.99,34.96,1.21,10.99,10.19,10.96,STANDARD,1000,TRUE
TS-B-00106,Summit Sports Precision Basketball Carry Bag NX,Team Sports,Basketball,Summit Sports,33.80,20.22,0.64,19.00,11.73,3.98,STANDARD,1000,TRUE
TS-B-00107,IronPeak Fitness Performance Portable Basketball Hoop X2,Team Sports,Basketball,IronPeak Fitness,508.99,328.14,135.22,55.11,33.28,9.15,LARGE,100,TRUE
TS-B-00108,IronPeak Fitness Trail Portable Basketball Hoop Edge,Team Sports,Basketball,IronPeak Fitness,392.99,191.17,103.07,55.48,37.51,10.79,LARGE,100,TRUE
TS-B-00109,Altitude Works Active Basketball Training Cone Set Pro 9,Team Sports,Basketball,Altitude Works,33.99,21.01,4.83,12.25,9.97,8.87,STANDARD,1000,TRUE
TS-B-00110,TrailForge Essential Basketball Training Cone Set LT 10,Team Sports,Basketball,TrailForge,32.99,17.04,1.96,12.83,8.85,7.65,STANDARD,1000,TRUE
TS-B-00111,Summit Sports Precision Portable Basketball Hoop X1 11,Team Sports,Basketball,Summit Sports,427.99,246.06,97.69,59.95,31.89,9.38,LARGE,100,TRUE
TS-B-00112,Altitude Works Performance Indoor Outdoor Basketball XR 12,Team Sports,Basketball,Altitude Works,30.99,19.53,1.25,11.17,9.10,9.02,STANDARD,1000,TRUE
TS-B-00113,TrailForge Essential Portable Basketball Hoop Edge 13,Team Sports,Basketball,TrailForge,585.99,354.05,107.39,50.05,38.37,9.71,LARGE,100,TRUE
TS-B-00114,Pulse Athletics Trail Basketball Carry Bag XR 14,Team Sports,Basketball,Pulse Athletics,51.99,35.08,0.78,20.11,11.28,3.68,STANDARD,1000,TRUE
TS-B-00115,CoreEdge Competition Basketball Carry Bag X1 15,Team Sports,Basketball,CoreEdge,39.99,26.98,1.74,16.03,11.16,3.78,STANDARD,1000,TRUE
TS-B-00116,Velocity Gear Endurance Portable Basketball Hoop Max 16,Team Sports,Basketball,Velocity Gear,418.99,275.00,71.10,51.02,38.02,10.68,LARGE,100,TRUE
TS-B-00117,TitanTrail Elite Basketball Training Cone Set Pro 17,Team Sports,Basketball,TitanTrail,42.99,24.95,4.93,11.20,9.19,7.48,STANDARD,1000,TRUE
TS-B-00118,Redwood Sporting Pro Portable Basketball Hoop Max 18,Team Sports,Basketball,Redwood Sporting,243.99,139.40,129.93,49.12,37.97,10.23,LARGE,100,TRUE
TS-B-00119,TitanTrail Endurance Portable Basketball Hoop GT 19,Team Sports,Basketball,TitanTrail,324.99,173.29,86.30,56.51,38.26,10.76,LARGE,100,TRUE
TS-B-00120,BlueWave Sports Elite Basketball Carry Bag S 20,Team Sports,Basketball,BlueWave Sports,40.19,25.92,0.60,19.07,12.21,3.80,STANDARD,1000,TRUE
TS-F-00121,EverPeak Premier Composite Football GT,Team Sports,Football,EverPeak,68.99,47.93,1.03,11.62,7.70,6.62,STANDARD,1000,TRUE
TS-F-00122,StrikeZone Athletics Pro Football Shoulder Pads X2,Team Sports,Football,StrikeZone Athletics,150.74,98.40,8.96,23.69,19.29,11.29,STANDARD,1000,TRUE
TS-F-00123,BlueWave Sports Premier Composite Football Max,Team Sports,Football,BlueWave Sports,19.99,12.55,1.06,11.17,6.91,6.53,STANDARD,1000,TRUE
TS-F-00124,Northstar Outdoor Competition Composite Football X2,Team Sports,Football,Northstar Outdoor,46.99,26.82,0.95,11.22,7.63,7.38,STANDARD,1000,TRUE
TS-F-00125,Velocity Gear Elite Football Shoulder Pads XR,Team Sports,Football,Velocity Gear,200.99,121.53,8.44,21.51,15.91,10.63,STANDARD,1000,TRUE
TS-F-00126,TitanTrail Essential Composite Football Edge,Team Sports,Football,TitanTrail,25.99,18.71,0.98,12.04,6.82,6.58,STANDARD,1000,TRUE
TS-F-00127,CourtLine Trail Blocking Sled GT,Team Sports,Football,CourtLine,654.37,439.86,207.84,54.49,39.37,26.27,OVERSIZED,20,TRUE
TS-F-00128,Summit Sports Core Football Shoulder Pads Edge,Team Sports,Football,Summit Sports,200.99,109.31,6.21,23.09,18.56,13.17,STANDARD,1000,TRUE
TS-F-00129,ForgeLine Pro Composite Football X2 9,Team Sports,Football,ForgeLine,33.88,21.97,1.20,12.45,7.29,7.78,STANDARD,1000,TRUE
TS-F-00130,EverPeak Competition Composite Football NX 10,Team Sports,Football,EverPeak,40.99,22.52,0.96,10.85,7.35,7.58,STANDARD,1000,TRUE
TS-F-00131,EverPeak Competition Football Shoulder Pads Max 11,Team Sports,Football,EverPeak,152.99,96.32,3.73,20.55,17.09,10.66,STANDARD,1000,TRUE
TS-F-00132,PeakMotion Competition Composite Football GT 12,Team Sports,Football,PeakMotion,55.99,36.00,1.04,10.81,6.57,6.94,STANDARD,1000,TRUE
TS-F-00133,Redwood Sporting Essential Football Shoulder Pads Edge 13,Team Sports,Football,Redwood Sporting,289.99,143.29,8.10,20.90,19.49,10.56,STANDARD,1000,TRUE
TS-F-00134,PeakMotion Classic Football Shoulder Pads GT 14,Team Sports,Football,PeakMotion,129.99,70.29,9.41,24.12,17.58,10.78,STANDARD,1000,TRUE
TS-F-00135,Summit Sports Core Blocking Sled X2 15,Team Sports,Football,Summit Sports,526.99,328.89,145.78,56.06,40.31,31.03,OVERSIZED,20,TRUE
TS-F-00136,Vantage Sport Premier Blocking Sled X2 16,Team Sports,Football,Vantage Sport,592.99,375.73,201.71,55.63,38.40,31.31,OVERSIZED,20,TRUE
TS-F-00137,Pulse Athletics Premier Football Helmet NX 17,Team Sports,Football,Pulse Athletics,266.48,174.18,3.13,13.77,11.38,9.88,STANDARD,1000,TRUE
TS-F-00138,StrikeZone Athletics Trail Blocking Sled S 18,Team Sports,Football,StrikeZone Athletics,907.99,461.28,247.10,60.48,36.76,31.12,OVERSIZED,20,TRUE
TS-F-00139,CoreEdge Active Composite Football X2 19,Team Sports,Football,CoreEdge,28.82,16.11,0.96,11.25,6.66,6.48,STANDARD,1000,TRUE
TS-F-00140,Summit Sports Elite Football Shoulder Pads X1 20,Team Sports,Football,Summit Sports,181.99,124.95,4.85,22.06,17.33,13.35,STANDARD,1000,TRUE
TS-BS-00141,CourtLine Trail Fielding Glove X1,Team Sports,Baseball & Softball,CourtLine,113.99,63.65,1.66,11.53,11.01,6.20,STANDARD,1000,TRUE
TS-BS-00142,Northstar Outdoor Core Base Set XR,Team Sports,Baseball & Softball,Northstar Outdoor,65.99,33.21,8.53,15.32,16.78,6.31,STANDARD,1000,TRUE
TS-BS-00143,PeakMotion Trail Pitching Machine Pro,Team Sports,Baseball & Softball,PeakMotion,913.99,580.19,61.35,27.12,20.09,20.97,LARGE,100,TRUE
TS-BS-00144,Northstar Outdoor Endurance Aluminum Baseball Bat NX,Team Sports,Baseball & Softball,Northstar Outdoor,244.99,166.62,1.84,32.61,2.88,3.12,STANDARD,1000,TRUE
TS-BS-00145,RidgeRunner Precision Fielding Glove S,Team Sports,Baseball & Softball,RidgeRunner,66.99,44.82,0.94,12.86,12.02,6.55,STANDARD,1000,TRUE
TS-BS-00146,TitanTrail Trail Fielding Glove Pro,Team Sports,Baseball & Softball,TitanTrail,228.99,119.36,1.07,11.95,10.69,7.72,STANDARD,1000,TRUE
TS-BS-00147,Summit Sports Premier Batting Helmet GT,Team Sports,Baseball & Softball,Summit Sports,74.99,50.61,1.65,13.25,10.35,11.10,STANDARD,1000,TRUE
TS-BS-00148,Velocity Gear Core Pitching Machine X1,Team Sports,Baseball & Softball,Velocity Gear,1224.99,731.23,51.23,26.03,20.43,19.19,LARGE,100,TRUE
TS-BS-00149,Altitude Works Active Pitching Machine X2,Team Sports,Baseball & Softball,Altitude Works,872.99,583.05,77.01,24.69,19.68,20.93,LARGE,100,TRUE
TS-BS-00150,Redwood Sporting Classic Fielding Glove X1,Team Sports,Baseball & Softball,Redwood Sporting,127.99,69.23,1.66,13.48,10.02,6.97,STANDARD,1000,TRUE
TS-BS-00151,PeakMotion Classic Aluminum Baseball Bat Edge 11,Team Sports,Baseball & Softball,PeakMotion,128.99,86.36,1.94,34.05,2.84,2.75,STANDARD,1000,TRUE
TS-BS-00152,RidgeRunner Precision Aluminum Baseball Bat LT 12,Team Sports,Baseball & Softball,RidgeRunner,257.99,173.33,1.30,34.66,2.87,2.84,STANDARD,1000,TRUE
TS-BS-00153,TrailForge Endurance Aluminum Baseball Bat X1 13,Team Sports,Baseball & Softball,TrailForge,139.99,69.89,1.67,33.68,3.21,2.76,STANDARD,1000,TRUE
TS-BS-00154,RidgeRunner Elite Aluminum Baseball Bat Edge 14,Team Sports,Baseball & Softball,RidgeRunner,248.99,149.93,2.10,33.37,3.03,3.06,STANDARD,1000,TRUE
TS-BS-00155,Pulse Athletics Endurance Base Set X1 15,Team Sports,Baseball & Softball,Pulse Athletics,63.99,43.58,8.43,16.84,14.18,6.66,STANDARD,1000,TRUE
TS-BS-00156,Pulse Athletics Pro Fielding Glove Max 16,Team Sports,Baseball & Softball,Pulse Athletics,192.99,94.63,1.72,14.02,11.03,6.16,STANDARD,1000,TRUE
TS-BS-00157,ForgeLine Core Fielding Glove LT 17,Team Sports,Baseball & Softball,ForgeLine,130.99,75.19,1.92,14.29,11.06,6.80,STANDARD,1000,TRUE
TS-BS-00158,RidgeRunner Classic Batting Helmet X1 18,Team Sports,Baseball & Softball,RidgeRunner,97.99,50.73,1.87,11.66,9.76,10.68,STANDARD,1000,TRUE
TS-BS-00159,Summit Sports Precision Base Set Pro 19,Team Sports,Baseball & Softball,Summit Sports,46.99,29.58,12.63,17.86,14.80,5.79,STANDARD,1000,TRUE
TS-BS-00160,StrikeZone Athletics Premier Pitching Machine LT 20,Team Sports,Baseball & Softball,StrikeZone Athletics,1401.99,933.52,83.52,27.74,21.40,19.38,LARGE,100,TRUE
TS-S-00161,FieldCraft Core Portable Soccer Goal Edge,Team Sports,Soccer,FieldCraft,174.99,114.71,16.75,44.85,11.56,9.12,LARGE,100,TRUE
TS-S-00162,Altitude Works Elite Portable Soccer Goal Pro,Team Sports,Soccer,Altitude Works,318.99,184.54,26.90,44.19,12.40,10.93,LARGE,100,TRUE
TS-S-00163,IronPeak Fitness Precision Match Soccer Ball X2,Team Sports,Soccer,IronPeak Fitness,116.91,57.91,1.12,10.06,8.32,9.20,STANDARD,1000,TRUE
TS-S-00164,Redwood Sporting Pro Portable Soccer Goal S,Team Sports,Soccer,Redwood Sporting,280.99,182.12,30.01,46.29,12.62,11.01,LARGE,100,TRUE
TS-S-00165,Apex Athletics Core Match Soccer Ball LT,Team Sports,Soccer,Apex Athletics,94.99,56.99,1.15,9.19,9.43,9.57,STANDARD,1000,TRUE
TS-S-00166,CoreEdge Pro Goalkeeper Gloves X2,Team Sports,Soccer,CoreEdge,72.99,39.59,1.92,11.24,8.87,3.23,STANDARD,1000,TRUE
TS-S-00167,Northstar Outdoor Trail Goalkeeper Gloves X1,Team Sports,Soccer,Northstar Outdoor,86.44,59.86,1.93,13.16,8.59,3.16,STANDARD,1000,TRUE
TS-S-00168,Northstar Outdoor Elite Match Soccer Ball LT,Team Sports,Soccer,Northstar Outdoor,105.99,59.41,0.83,8.32,8.10,10.07,STANDARD,1000,TRUE
TS-S-00169,Apex Athletics Trail Match Soccer Ball X2 9,Team Sports,Soccer,Apex Athletics,67.99,40.26,1.15,8.58,8.33,9.54,STANDARD,1000,TRUE
TS-S-00170,IronPeak Fitness Trail Goalkeeper Gloves NX 10,Team Sports,Soccer,IronPeak Fitness,29.16,19.25,1.45,10.82,7.59,2.66,STANDARD,1000,TRUE
TS-S-00171,FieldCraft Competition Match Soccer Ball XR 11,Team Sports,Soccer,FieldCraft,51.99,29.18,0.91,9.68,9.06,9.80,STANDARD,1000,TRUE
TS-S-00172,Pulse Athletics Elite Shin Guard Set X2 12,Team Sports,Soccer,Pulse Athletics,30.99,19.17,0.81,11.12,7.77,4.10,STANDARD,1000,TRUE
TS-S-00173,Vantage Sport Core Shin Guard Set X1 13,Team Sports,Soccer,Vantage Sport,68.99,48.54,1.90,11.46,8.56,4.36,STANDARD,1000,TRUE
TS-S-00174,Apex Athletics Precision Shin Guard Set NX 14,Team Sports,Soccer,Apex Athletics,59.99,42.10,0.92,13.17,8.54,4.30,STANDARD,1000,TRUE
TS-S-00175,RidgeRunner Endurance Match Soccer Ball X1 15,Team Sports,Soccer,RidgeRunner,54.99,29.05,0.89,8.58,9.50,8.66,STANDARD,1000,TRUE
TS-S-00176,Apex Athletics Competition Match Soccer Ball LT 16,Team Sports,Soccer,Apex Athletics,113.99,79.64,0.92,9.21,9.53,8.33,STANDARD,1000,TRUE
TS-S-00177,BlueWave Sports Classic Goalkeeper Gloves Edge 17,Team Sports,Soccer,BlueWave Sports,77.99,48.84,0.44,11.66,7.12,3.30,STANDARD,1000,TRUE
TS-S-00178,Summit Sports Elite Match Soccer Ball Pro 18,Team Sports,Soccer,Summit Sports,109.99,64.65,0.85,8.88,8.41,9.26,STANDARD,1000,TRUE
TS-S-00179,PeakMotion Elite Portable Soccer Goal Max 19,Team Sports,Soccer,PeakMotion,348.99,168.46,33.67,47.40,12.61,10.10,LARGE,100,TRUE
TS-S-00180,Altitude Works Competition Goalkeeper Gloves Edge 20,Team Sports,Soccer,Altitude Works,46.81,26.13,1.87,12.57,8.28,2.84,STANDARD,1000,TRUE
TS-V-00181,ForgeLine Performance Indoor Volleyball XR,Team Sports,Volleyball,ForgeLine,69.99,49.17,0.56,8.08,8.12,9.91,STANDARD,1000,TRUE
TS-V-00182,CoreEdge Performance Outdoor Volleyball Net System LT,Team Sports,Volleyball,CoreEdge,85.99,56.60,16.21,44.23,11.13,9.63,LARGE,100,TRUE
TS-V-00183,Redwood Sporting Trail Volleyball Knee Pads XR,Team Sports,Volleyball,Redwood Sporting,28.99,16.50,0.93,9.38,8.72,4.19,STANDARD,1000,TRUE
TS-V-00184,Apex Athletics Pro Volleyball Knee Pads Max,Team Sports,Volleyball,Apex Athletics,29.99,17.98,0.50,9.10,8.14,3.94,STANDARD,1000,TRUE
TS-V-00185,Apex Athletics Classic Indoor Volleyball Edge,Team Sports,Volleyball,Apex Athletics,51.99,27.23,0.67,8.37,10.01,9.58,STANDARD,1000,TRUE
TS-V-00186,StrikeZone Athletics Competition Indoor Volleyball Pro,Team Sports,Volleyball,StrikeZone Athletics,74.99,46.50,0.72,8.32,9.12,9.02,STANDARD,1000,TRUE
TS-V-00187,PeakMotion Active Outdoor Volleyball Net System NX 7,Team Sports,Volleyball,PeakMotion,260.99,153.93,32.83,38.11,10.33,9.56,LARGE,100,TRUE
TS-V-00188,Redwood Sporting Precision Volleyball Knee Pads GT 8,Team Sports,Volleyball,Redwood Sporting,41.99,22.07,1.25,8.82,7.51,3.76,STANDARD,1000,TRUE
TS-V-00189,StrikeZone Athletics Endurance Volleyball Knee Pads GT 9,Team Sports,Volleyball,StrikeZone Athletics,45.99,30.64,1.09,10.40,8.43,3.57,STANDARD,1000,TRUE
TS-V-00190,Velocity Gear Active Outdoor Volleyball Net System Max 10,Team Sports,Volleyball,Velocity Gear,153.99,94.71,22.86,37.78,9.90,10.55,LARGE,100,TRUE
TS-V-00191,BlueWave Sports Precision Volleyball Knee Pads Pro 11,Team Sports,Volleyball,BlueWave Sports,36.99,23.08,0.90,8.87,7.45,3.93,STANDARD,1000,TRUE
TS-V-00192,Apex Athletics Endurance Indoor Volleyball XR 12,Team Sports,Volleyball,Apex Athletics,46.99,28.29,0.64,8.80,9.65,9.32,STANDARD,1000,TRUE
TS-V-00193,Altitude Works Core Volleyball Knee Pads S 13,Team Sports,Volleyball,Altitude Works,23.99,14.36,0.49,10.28,8.43,3.93,STANDARD,1000,TRUE
TS-V-00194,ForgeLine Competition Volleyball Knee Pads LT 14,Team Sports,Volleyball,ForgeLine,48.99,26.47,0.79,9.36,8.64,4.16,STANDARD,1000,TRUE
TS-V-00195,Altitude Works Competition Volleyball Knee Pads LT 15,Team Sports,Volleyball,Altitude Works,32.20,20.80,1.46,10.00,7.60,3.70,STANDARD,1000,TRUE
TS-V-00196,Apex Athletics Classic Indoor Volleyball Edge 16,Team Sports,Volleyball,Apex Athletics,35.99,24.37,0.59,9.99,9.72,9.78,STANDARD,1000,TRUE
TS-V-00197,TrailForge Competition Outdoor Volleyball Net System Max 17,Team Sports,Volleyball,TrailForge,227.99,127.11,16.71,38.48,10.33,10.95,LARGE,100,TRUE
TS-V-00198,EverPeak Competition Indoor Volleyball XR 18,Team Sports,Volleyball,EverPeak,30.99,18.69,0.50,8.52,9.36,9.97,STANDARD,1000,TRUE
TS-V-00199,Redwood Sporting Pro Outdoor Volleyball Net System NX 19,Team Sports,Volleyball,Redwood Sporting,125.99,89.59,22.60,36.07,10.85,10.95,LARGE,100,TRUE
TS-V-00200,Pulse Athletics Premier Volleyball Knee Pads Edge 20,Team Sports,Volleyball,Pulse Athletics,28.99,16.87,0.56,9.84,7.36,3.88,STANDARD,1000,TRUE
TS-H-00201,Summit Sports Core Composite Hockey Stick XR,Team Sports,Hockey,Summit Sports,315.99,209.91,1.44,64.10,5.36,2.85,LARGE,100,TRUE
TS-H-00202,EverPeak Elite Composite Hockey Stick X1,Team Sports,Hockey,EverPeak,107.69,73.39,2.37,67.33,5.59,3.26,LARGE,100,TRUE
TS-H-00203,EverPeak Pro Hockey Helmet XR,Team Sports,Hockey,EverPeak,109.99,71.78,4.35,13.17,11.46,10.08,STANDARD,1000,TRUE
TS-H-00204,StrikeZone Athletics Competition Hockey Helmet XR,Team Sports,Hockey,StrikeZone Athletics,179.99,93.94,4.92,15.16,11.11,10.72,STANDARD,1000,TRUE
TS-H-00205,Apex Athletics Performance Composite Hockey Stick S,Team Sports,Hockey,Apex Athletics,99.81,69.59,1.63,67.87,6.07,2.85,LARGE,100,TRUE
TS-H-00206,CourtLine Competition Hockey Goal S,Team Sports,Hockey,CourtLine,332.99,195.50,37.97,47.94,11.78,10.48,LARGE,100,TRUE
TS-H-00207,TrailForge Elite Hockey Protective Pad Set Pro,Team Sports,Hockey,TrailForge,131.99,94.26,6.64,24.98,18.85,14.70,STANDARD,1000,TRUE
TS-H-00208,EverPeak Classic Hockey Helmet LT,Team Sports,Hockey,EverPeak,219.99,107.43,2.58,15.19,11.09,9.46,STANDARD,1000,TRUE
TS-H-00209,Altitude Works Trail Hockey Helmet X1 9,Team Sports,Hockey,Altitude Works,71.99,35.27,4.91,13.96,12.05,10.31,STANDARD,1000,TRUE
TS-H-00210,Vantage Sport Pro Hockey Goal NX 10,Team Sports,Hockey,Vantage Sport,339.99,183.32,33.69,47.20,13.11,10.89,LARGE,100,TRUE
TS-H-00211,Apex Athletics Endurance Hockey Helmet XR 11,Team Sports,Hockey,Apex Athletics,198.99,123.78,4.27,13.46,10.51,10.60,STANDARD,1000,TRUE
TS-H-00212,EverPeak Performance Hockey Protective Pad Set Max 12,Team Sports,Hockey,EverPeak,321.93,160.67,9.44,23.31,16.90,13.71,STANDARD,1000,TRUE
TS-H-00213,Redwood Sporting Pro Hockey Protective Pad Set GT 13,Team Sports,Hockey,Redwood Sporting,245.99,163.71,9.69,26.86,18.23,14.93,STANDARD,1000,TRUE
TS-H-00214,StrikeZone Athletics Classic Composite Hockey Stick NX 14,Team Sports,Hockey,StrikeZone Athletics,225.27,135.17,1.26,64.85,6.55,2.70,LARGE,100,TRUE
TS-H-00215,TitanTrail Core Hockey Goal Max 15,Team Sports,Hockey,TitanTrail,203.33,140.84,25.53,52.92,12.68,10.90,LARGE,100,TRUE
TS-H-00216,CourtLine Active Hockey Goal Edge 16,Team Sports,Hockey,CourtLine,336.99,175.47,43.50,53.56,10.82,9.11,LARGE,100,TRUE
TS-H-00217,TitanTrail Competition Hockey Helmet NX 17,Team Sports,Hockey,TitanTrail,124.99,78.18,3.87,14.41,10.68,10.83,STANDARD,1000,TRUE
TS-H-00218,BlueWave Sports Elite Hockey Goal Edge 18,Team Sports,Hockey,BlueWave Sports,477.99,236.99,52.13,48.50,11.57,10.15,LARGE,100,TRUE
TS-H-00219,CoreEdge Endurance Composite Hockey Stick LT 19,Team Sports,Hockey,CoreEdge,156.99,106.96,1.84,57.59,6.69,2.73,LARGE,100,TRUE
TS-H-00220,EverPeak Pro Composite Hockey Stick X2 20,Team Sports,Hockey,EverPeak,247.99,139.19,1.48,66.30,6.36,2.65,LARGE,100,TRUE
OR-C-00221,Northstar Outdoor Essential Camping Cot XR,Outdoor Recreation,Camping,Northstar Outdoor,216.99,144.28,25.60,42.01,10.05,8.77,LARGE,100,TRUE
OR-C-00222,StrikeZone Athletics Endurance Portable Camp Table X2,Outdoor Recreation,Camping,StrikeZone Athletics,61.99,43.02,10.60,40.47,21.75,4.78,LARGE,100,TRUE
OR-C-00223,TrailForge Premier Sleeping Bag XR,Outdoor Recreation,Camping,TrailForge,191.99,105.16,3.72,17.89,9.99,10.88,STANDARD,1000,TRUE
OR-C-00224,EverPeak Trail Camping Tent X2,Outdoor Recreation,Camping,EverPeak,408.99,233.65,30.32,30.34,13.34,11.44,STANDARD,1000,TRUE
OR-C-00225,BlueWave Sports Performance Camp Chair GT,Outdoor Recreation,Camping,BlueWave Sports,104.99,71.77,12.73,40.95,8.32,7.70,STANDARD,1000,TRUE
OR-C-00226,CourtLine Pro Camping Tent GT,Outdoor Recreation,Camping,CourtLine,316.99,222.66,29.32,24.67,12.61,13.05,STANDARD,1000,TRUE
OR-C-00227,IronPeak Fitness Trail Camp Chair Pro,Outdoor Recreation,Camping,IronPeak Fitness,120.99,84.08,8.26,41.74,8.39,8.27,STANDARD,1000,TRUE
OR-C-00228,TitanTrail Core Camping Tent NX,Outdoor Recreation,Camping,TitanTrail,641.99,321.22,24.06,25.42,12.71,13.02,STANDARD,1000,TRUE
OR-C-00229,StrikeZone Athletics Active Camp Chair NX,Outdoor Recreation,Camping,StrikeZone Athletics,114.78,56.84,11.45,37.34,7.24,7.93,STANDARD,1000,TRUE
OR-C-00230,Apex Athletics Active Camping Tent LT,Outdoor Recreation,Camping,Apex Athletics,304.99,196.58,15.68,28.60,11.86,11.56,STANDARD,1000,TRUE
OR-C-00231,Vantage Sport Classic Portable Camp Table X2 11,Outdoor Recreation,Camping,Vantage Sport,133.99,65.15,28.22,38.91,24.16,4.69,LARGE,100,TRUE
OR-C-00232,PeakMotion Trail Camp Chair XR 12,Outdoor Recreation,Camping,PeakMotion,78.99,54.18,5.40,33.68,7.52,8.71,STANDARD,1000,TRUE
OR-C-00233,Redwood Sporting Endurance Sleeping Bag XR 13,Outdoor Recreation,Camping,Redwood Sporting,164.94,99.56,3.56,18.83,11.41,10.18,STANDARD,1000,TRUE
OR-C-00234,Altitude Works Elite Camping Cot X1 14,Outdoor Recreation,Camping,Altitude Works,143.99,84.22,24.40,41.95,9.09,7.52,LARGE,100,TRUE
OR-C-00235,PeakMotion Trail Sleeping Bag X2 15,Outdoor Recreation,Camping,PeakMotion,191.99,121.29,2.55,20.38,10.80,10.86,STANDARD,1000,TRUE
OR-C-00236,CoreEdge Classic Camping Cot NX 16,Outdoor Recreation,Camping,CoreEdge,68.99,45.34,28.09,35.55,10.73,8.30,LARGE,100,TRUE
OR-C-00237,PeakMotion Essential Camp Chair LT 17,Outdoor Recreation,Camping,PeakMotion,48.99,33.75,13.83,34.02,7.54,8.47,STANDARD,1000,TRUE
OR-C-00238,ForgeLine Active Sleeping Bag LT 18,Outdoor Recreation,Camping,ForgeLine,147.99,99.30,4.15,22.00,10.16,10.62,STANDARD,1000,TRUE
OR-C-00239,StrikeZone Athletics Elite Camping Tent GT 19,Outdoor Recreation,Camping,StrikeZone Athletics,638.99,456.92,18.79,27.94,12.26,12.29,STANDARD,1000,TRUE
OR-C-00240,BlueWave Sports Core Camp Chair X1 20,Outdoor Recreation,Camping,BlueWave Sports,64.99,34.23,10.13,39.24,7.05,8.42,STANDARD,1000,TRUE
OR-H-00241,IronPeak Fitness Trail Trail Gaiters X1,Outdoor Recreation,Hiking,IronPeak Fitness,36.99,17.87,0.76,8.96,8.59,2.65,STANDARD,1000,TRUE
OR-H-00242,TrailForge Precision Hydration Pack NX,Outdoor Recreation,Hiking,TrailForge,100.99,63.97,2.70,17.03,9.39,5.92,STANDARD,1000,TRUE
OR-H-00243,Summit Sports Endurance Trekking Pole Set X2,Outdoor Recreation,Hiking,Summit Sports,140.99,74.86,2.70,27.39,4.39,3.97,STANDARD,1000,TRUE
OR-H-00244,Redwood Sporting Active Trail Gaiters Edge,Outdoor Recreation,Hiking,Redwood Sporting,65.99,34.66,0.56,9.68,7.41,3.22,STANDARD,1000,TRUE
OR-H-00245,Velocity Gear Endurance Trekking Pole Set Edge,Outdoor Recreation,Hiking,Velocity Gear,92.99,61.86,2.39,29.76,3.82,3.93,STANDARD,1000,TRUE
OR-H-00246,PeakMotion Pro Trail Gaiters X1,Outdoor Recreation,Hiking,PeakMotion,33.99,22.13,0.97,9.94,7.60,2.97,STANDARD,1000,TRUE
OR-H-00247,CoreEdge Competition Trail Gaiters X2,Outdoor Recreation,Hiking,CoreEdge,59.99,31.05,0.89,10.94,8.73,2.90,STANDARD,1000,TRUE
OR-H-00248,RidgeRunner Performance Trekking Pole Set NX,Outdoor Recreation,Hiking,RidgeRunner,140.99,99.95,2.65,26.41,4.07,4.45,STANDARD,1000,TRUE
OR-H-00249,Summit Sports Competition Trekking Pole Set X2 9,Outdoor Recreation,Hiking,Summit Sports,73.99,52.27,2.93,30.99,3.92,3.68,STANDARD,1000,TRUE
OR-H-00250,TitanTrail Competition Hydration Pack Pro 10,Outdoor Recreation,Hiking,TitanTrail,53.99,30.88,1.31,18.88,8.96,5.82,STANDARD,1000,TRUE
OR-H-00251,Altitude Works Classic Hydration Pack XR 11,Outdoor Recreation,Hiking,Altitude Works,94.99,62.35,3.27,18.02,11.13,5.72,STANDARD,1000,TRUE
OR-H-00252,PeakMotion Premier Hydration Pack X2 12,Outdoor Recreation,Hiking,PeakMotion,32.99,16.88,3.19,16.66,10.26,6.29,STANDARD,1000,TRUE
OR-H-00253,Altitude Works Competition Trekking Pole Set Pro 13,Outdoor Recreation,Hiking,Altitude Works,81.99,53.86,2.71,29.58,4.22,4.03,STANDARD,1000,TRUE
OR-H-00254,CoreEdge Trail Hydration Pack Max 14,Outdoor Recreation,Hiking,CoreEdge,41.99,23.96,1.78,18.46,9.58,5.60,STANDARD,1000,TRUE
OR-H-00255,RidgeRunner Performance Hydration Pack LT 15,Outdoor Recreation,Hiking,RidgeRunner,41.99,23.92,1.04,18.13,9.54,6.27,STANDARD,1000,TRUE
OR-H-00256,Northstar Outdoor Essential Hiking Backpack LT 16,Outdoor Recreation,Hiking,Northstar Outdoor,169.99,88.56,5.19,26.82,14.19,9.70,STANDARD,1000,TRUE
OR-H-00257,BlueWave Sports Precision Trail Gaiters Max 17,Outdoor Recreation,Hiking,BlueWave Sports,64.99,44.97,0.47,10.34,7.50,3.34,STANDARD,1000,TRUE
OR-H-00258,Apex Athletics Classic Hiking Backpack Max 18,Outdoor Recreation,Hiking,Apex Athletics,106.99,61.88,4.81,24.64,15.80,10.45,STANDARD,1000,TRUE
OR-H-00259,CourtLine Active Trekking Pole Set LT 19,Outdoor Recreation,Hiking,CourtLine,137.99,93.76,2.51,29.43,3.70,3.95,STANDARD,1000,TRUE
OR-H-00260,Summit Sports Performance Hydration Pack NX 20,Outdoor Recreation,Hiking,Summit Sports,111.99,79.06,2.95,19.12,9.98,5.88,STANDARD,1000,TRUE
OR-C-00261,TrailForge Premier Climbing Rope X2,Outdoor Recreation,Climbing,TrailForge,333.99,189.13,10.85,16.34,14.57,10.00,STANDARD,1000,TRUE
OR-C-00262,Northstar Outdoor Essential Climbing Harness Edge,Outdoor Recreation,Climbing,Northstar Outdoor,155.94,89.09,3.16,12.54,11.02,5.21,STANDARD,1000,TRUE
OR-C-00263,Redwood Sporting Elite Carabiner Set S,Outdoor Recreation,Climbing,Redwood Sporting,63.99,35.55,1.24,8.89,6.02,3.15,STANDARD,1000,TRUE
OR-C-00264,EverPeak Premier Carabiner Set X1,Outdoor Recreation,Climbing,EverPeak,74.99,50.18,1.57,8.91,6.21,3.12,STANDARD,1000,TRUE
OR-C-00265,EverPeak Core Carabiner Set Max,Outdoor Recreation,Climbing,EverPeak,79.99,51.99,1.51,7.93,6.43,3.22,STANDARD,1000,TRUE
OR-C-00266,Vantage Sport Premier Crash Pad XR,Outdoor Recreation,Climbing,Vantage Sport,390.99,262.55,19.64,49.35,37.50,7.90,LARGE,100,TRUE
OR-C-00267,TrailForge Precision Climbing Rope GT,Outdoor Recreation,Climbing,TrailForge,209.99,131.68,15.80,19.87,15.25,10.03,STANDARD,1000,TRUE
OR-C-00268,FieldCraft Competition Crash Pad X2,Outdoor Recreation,Climbing,FieldCraft,325.99,188.01,23.82,49.67,38.94,7.51,LARGE,100,TRUE
OR-C-00269,RidgeRunner Essential Carabiner Set Pro 9,Outdoor Recreation,Climbing,RidgeRunner,59.99,39.84,1.60,8.43,6.64,3.22,STANDARD,1000,TRUE
OR-C-00270,RidgeRunner Premier Climbing Rope S 10,Outdoor Recreation,Climbing,RidgeRunner,225.02,125.31,12.13,19.62,13.71,8.88,STANDARD,1000,TRUE
OR-C-00271,ForgeLine Trail Carabiner Set X1 11,Outdoor Recreation,Climbing,ForgeLine,36.67,23.71,0.53,8.40,5.86,3.19,STANDARD,1000,TRUE
OR-C-00272,IronPeak Fitness Trail Climbing Harness XR 12,Outdoor Recreation,Climbing,IronPeak Fitness,191.99,110.54,1.21,13.30,9.76,4.40,STANDARD,1000,TRUE
OR-C-00273,Northstar Outdoor Premier Climbing Harness LT 13,Outdoor Recreation,Climbing,Northstar Outdoor,177.99,92.48,1.31,10.82,10.34,4.74,STANDARD,1000,TRUE
OR-C-00274,Pulse Athletics Performance Crash Pad XR 14,Outdoor Recreation,Climbing,Pulse Athletics,349.99,244.85,14.74,52.30,35.17,7.81,LARGE,100,TRUE
OR-C-00275,IronPeak Fitness Classic Climbing Rope Pro 15,Outdoor Recreation,Climbing,IronPeak Fitness,166.99,119.98,13.19,16.77,14.21,8.95,STANDARD,1000,TRUE
OR-C-00276,Velocity Gear Active Climbing Rope LT 16,Outdoor Recreation,Climbing,Velocity Gear,259.35,143.77,15.50,18.27,13.49,10.86,STANDARD,1000,TRUE
OR-C-00277,Apex Athletics Premier Climbing Rope Edge 17,Outdoor Recreation,Climbing,Apex Athletics,327.99,166.04,17.18,16.30,13.53,10.51,STANDARD,1000,TRUE
OR-C-00278,Northstar Outdoor Precision Climbing Rope S 18,Outdoor Recreation,Climbing,Northstar Outdoor,299.99,151.15,17.29,18.87,15.06,9.53,STANDARD,1000,TRUE
OR-C-00279,Velocity Gear Elite Climbing Harness Pro 19,Outdoor Recreation,Climbing,Velocity Gear,127.99,80.70,1.83,11.30,9.38,5.31,STANDARD,1000,TRUE
OR-C-00280,TrailForge Elite Crash Pad Max 20,Outdoor Recreation,Climbing,TrailForge,258.99,170.18,15.61,49.83,33.17,7.55,LARGE,100,TRUE
OR-F-00281,ForgeLine Elite Fishing Net LT,Outdoor Recreation,Fishing,ForgeLine,94.30,59.03,4.20,36.62,8.91,4.34,LARGE,100,TRUE
OR-F-00282,RidgeRunner Active Spinning Rod Combo GT,Outdoor Recreation,Fishing,RidgeRunner,77.99,48.07,3.80,50.79,6.67,4.15,LARGE,100,TRUE
OR-F-00283,CourtLine Essential Fishing Net NX,Outdoor Recreation,Fishing,CourtLine,79.99,52.20,3.65,34.18,8.94,4.26,LARGE,100,TRUE
OR-F-00284,StrikeZone Athletics Performance Tackle Box X2,Outdoor Recreation,Fishing,StrikeZone Athletics,105.99,73.11,8.98,23.36,10.80,12.93,STANDARD,1000,TRUE
OR-F-00285,RidgeRunner Core Tackle Box GT,Outdoor Recreation,Fishing,RidgeRunner,85.69,57.31,10.87,21.02,11.10,12.10,STANDARD,1000,TRUE
OR-F-00286,Northstar Outdoor Endurance Fishing Net XR,Outdoor Recreation,Fishing,Northstar Outdoor,26.99,17.00,3.28,37.29,8.42,4.08,LARGE,100,TRUE
OR-F-00287,BlueWave Sports Essential Portable Fish Finder Pro,Outdoor Recreation,Fishing,BlueWave Sports,265.99,170.98,2.38,13.01,10.59,6.47,STANDARD,1000,TRUE
OR-F-00288,Redwood Sporting Trail Tackle Box GT,Outdoor Recreation,Fishing,Redwood Sporting,45.99,32.57,9.75,21.80,11.50,12.51,STANDARD,1000,TRUE
OR-F-00289,Redwood Sporting Endurance Spinning Rod Combo Pro 9,Outdoor Recreation,Fishing,Redwood Sporting,164.99,112.68,2.31,49.28,5.85,4.44,LARGE,100,TRUE
OR-F-00290,CourtLine Precision Portable Fish Finder Edge 10,Outdoor Recreation,Fishing,CourtLine,239.99,170.91,2.01,12.17,10.86,5.64,STANDARD,1000,TRUE
OR-F-00291,ForgeLine Classic Fishing Net S 11,Outdoor Recreation,Fishing,ForgeLine,97.99,69.83,1.85,40.13,7.11,3.94,LARGE,100,TRUE
OR-F-00292,CourtLine Essential Spinning Rod Combo NX 12,Outdoor Recreation,Fishing,CourtLine,205.99,121.94,2.97,45.76,5.30,3.66,LARGE,100,TRUE
OR-F-00293,PeakMotion Trail Fishing Net LT 13,Outdoor Recreation,Fishing,PeakMotion,100.99,49.74,2.61,35.73,7.29,4.19,LARGE,100,TRUE
OR-F-00294,FieldCraft Essential Tackle Box X1 14,Outdoor Recreation,Fishing,FieldCraft,21.99,12.25,4.99,21.38,13.17,13.36,STANDARD,1000,TRUE
OR-F-00295,Apex Athletics Active Fishing Net GT 15,Outdoor Recreation,Fishing,Apex Athletics,87.99,51.48,1.55,35.21,8.86,4.05,LARGE,100,TRUE
OR-F-00296,Pulse Athletics Pro Portable Fish Finder LT 16,Outdoor Recreation,Fishing,Pulse Athletics,256.81,144.11,4.25,12.07,9.94,6.10,STANDARD,1000,TRUE
OR-F-00297,EverPeak Elite Spinning Rod Combo NX 17,Outdoor Recreation,Fishing,EverPeak,105.99,51.92,6.74,46.15,5.85,4.17,LARGE,100,TRUE
OR-F-00298,RidgeRunner Competition Spinning Rod Combo LT 18,Outdoor Recreation,Fishing,RidgeRunner,129.99,91.48,5.89,45.05,6.17,4.43,LARGE,100,TRUE
OR-F-00299,Velocity Gear Premier Portable Fish Finder GT 19,Outdoor Recreation,Fishing,Velocity Gear,149.99,95.90,4.30,13.05,10.23,6.64,STANDARD,1000,TRUE
OR-F-00300,IronPeak Fitness Essential Spinning Rod Combo Pro 20,Outdoor Recreation,Fishing,IronPeak Fitness,224.99,114.40,6.63,52.36,5.85,4.29,LARGE,100,TRUE
OR-OG-00301,IronPeak Fitness Premier Ladder Toss Set Edge,Outdoor Recreation,Outdoor Games,IronPeak Fitness,51.99,34.19,7.40,29.98,10.52,8.62,STANDARD,1000,TRUE
OR-OG-00302,CourtLine Classic Ladder Toss Set XR,Outdoor Recreation,Outdoor Games,CourtLine,96.16,53.00,5.76,27.86,11.15,7.82,STANDARD,1000,TRUE
OR-OG-00303,Apex Athletics Trail Disc Golf Starter Set Pro,Outdoor Recreation,Outdoor Games,Apex Athletics,81.99,47.15,3.36,12.24,12.10,6.29,STANDARD,1000,TRUE
OR-OG-00304,FieldCraft Active Disc Golf Starter Set LT,Outdoor Recreation,Outdoor Games,FieldCraft,38.44,26.49,5.31,10.62,11.15,6.45,STANDARD,1000,TRUE
OR-OG-00305,BlueWave Sports Pro Ladder Toss Set Pro,Outdoor Recreation,Outdoor Games,BlueWave Sports,31.99,19.15,4.79,26.33,9.33,8.78,STANDARD,1000,TRUE
OR-OG-00306,ForgeLine Essential Bocce Ball Set XR,Outdoor Recreation,Outdoor Games,ForgeLine,83.99,50.43,19.42,12.79,10.08,8.15,STANDARD,1000,TRUE
OR-OG-00307,Pulse Athletics Elite Cornhole Set X1,Outdoor Recreation,Outdoor Games,Pulse Athletics,175.99,105.07,28.38,46.21,27.16,7.85,LARGE,100,TRUE
OR-OG-00308,BlueWave Sports Core Bocce Ball Set NX,Outdoor Recreation,Outdoor Games,BlueWave Sports,111.99,78.01,10.74,12.42,10.57,7.88,STANDARD,1000,TRUE
OR-OG-00309,TrailForge Endurance Bocce Ball Set GT 9,Outdoor Recreation,Outdoor Games,TrailForge,85.99,48.97,8.05,13.08,9.24,8.35,STANDARD,1000,TRUE
OR-OG-00310,TrailForge Classic Cornhole Set Edge 10,Outdoor Recreation,Outdoor Games,TrailForge,167.99,114.42,26.89,43.12,23.84,8.16,LARGE,100,TRUE
OR-OG-00311,IronPeak Fitness Essential Cornhole Set LT 11,Outdoor Recreation,Outdoor Games,IronPeak Fitness,230.99,163.66,47.47,47.63,23.04,8.48,LARGE,100,TRUE
OR-OG-00312,Pulse Athletics Pro Bocce Ball Set GT 12,Outdoor Recreation,Outdoor Games,Pulse Athletics,75.99,47.38,18.29,13.24,10.77,7.38,STANDARD,1000,TRUE
OR-OG-00313,RidgeRunner Premier Cornhole Set X2 13,Outdoor Recreation,Outdoor Games,RidgeRunner,221.99,107.98,45.16,49.63,27.61,7.19,LARGE,100,TRUE
OR-OG-00314,TitanTrail Performance Ladder Toss Set NX 14,Outdoor Recreation,Outdoor Games,TitanTrail,53.99,32.55,8.83,26.06,10.38,8.41,STANDARD,1000,TRUE
OR-OG-00315,FieldCraft Competition Bocce Ball Set Max 15,Outdoor Recreation,Outdoor Games,FieldCraft,92.99,45.33,14.70,14.37,11.17,8.56,STANDARD,1000,TRUE
OR-OG-00316,Summit Sports Essential Ladder Toss Set X2 16,Outdoor Recreation,Outdoor Games,Summit Sports,62.99,30.86,4.20,27.96,10.54,7.10,STANDARD,1000,TRUE
OR-OG-00317,Pulse Athletics Active Bocce Ball Set Max 17,Outdoor Recreation,Outdoor Games,Pulse Athletics,40.99,26.14,11.93,13.97,11.05,8.36,STANDARD,1000,TRUE
OR-OG-00318,TitanTrail Endurance Cornhole Set X2 18,Outdoor Recreation,Outdoor Games,TitanTrail,232.99,149.87,49.29,45.07,25.39,7.92,LARGE,100,TRUE
OR-OG-00319,TitanTrail Premier Ladder Toss Set Edge 19,Outdoor Recreation,Outdoor Games,TitanTrail,37.99,24.31,4.84,27.88,10.68,7.19,STANDARD,1000,TRUE
OR-OG-00320,ForgeLine Endurance Bocce Ball Set XR 20,Outdoor Recreation,Outdoor Games,ForgeLine,65.99,38.11,11.88,13.29,9.05,8.83,STANDARD,1000,TRUE
RS-T-00321,CourtLine Performance Tennis Racquet X2,Racquet Sports,Tennis,CourtLine,40.99,21.99,0.83,28.43,11.50,3.03,STANDARD,1000,TRUE
RS-T-00322,Altitude Works Competition Racquet Bag LT,Racquet Sports,Tennis,Altitude Works,57.99,41.50,1.61,26.64,12.57,7.52,STANDARD,1000,TRUE
RS-T-00323,ForgeLine Essential Tennis Racquet Max,Racquet Sports,Tennis,ForgeLine,225.91,121.28,0.89,25.62,11.73,3.09,STANDARD,1000,TRUE
RS-T-00324,StrikeZone Athletics Endurance Tennis Net X2,Racquet Sports,Tennis,StrikeZone Athletics,112.99,69.43,23.53,41.22,9.81,10.29,LARGE,100,TRUE
RS-T-00325,CourtLine Competition Tennis Ball Case Edge,Racquet Sports,Tennis,CourtLine,64.99,32.08,14.55,19.61,13.37,9.33,STANDARD,1000,TRUE
RS-T-00326,Redwood Sporting Classic Tennis Ball Case X1,Racquet Sports,Tennis,Redwood Sporting,108.42,73.87,11.41,19.37,14.00,9.71,STANDARD,1000,TRUE
RS-T-00327,BlueWave Sports Elite Tennis Racquet X2,Racquet Sports,Tennis,BlueWave Sports,101.99,60.02,0.80,26.76,10.69,3.34,STANDARD,1000,TRUE
RS-T-00328,ForgeLine Premier Racquet Bag LT,Racquet Sports,Tennis,ForgeLine,133.14,80.63,1.09,31.65,14.08,7.54,STANDARD,1000,TRUE
RS-T-00329,Pulse Athletics Performance Tennis Ball Case Max 9,Racquet Sports,Tennis,Pulse Athletics,90.99,49.59,10.35,18.86,14.15,10.02,STANDARD,1000,TRUE
RS-T-00330,Northstar Outdoor Premier Racquet Bag S 10,Racquet Sports,Tennis,Northstar Outdoor,86.99,41.86,3.60,28.03,13.05,7.38,STANDARD,1000,TRUE
RS-T-00331,PeakMotion Competition Racquet Bag Max 11,Racquet Sports,Tennis,PeakMotion,45.99,32.36,3.38,31.40,13.22,7.60,STANDARD,1000,TRUE
RS-T-00332,Summit Sports Trail Tennis Net GT 12,Racquet Sports,Tennis,Summit Sports,201.38,133.45,15.78,37.13,9.92,10.21,LARGE,100,TRUE
RS-T-00333,Summit Sports Endurance Tennis Racquet S 13,Racquet Sports,Tennis,Summit Sports,167.99,91.27,0.90,27.40,11.14,3.15,STANDARD,1000,TRUE
RS-T-00334,Northstar Outdoor Elite Tennis Racquet LT 14,Racquet Sports,Tennis,Northstar Outdoor,52.34,32.97,0.70,30.57,12.90,3.29,STANDARD,1000,TRUE
RS-T-00335,Northstar Outdoor Core Racquet Bag LT 15,Racquet Sports,Tennis,Northstar Outdoor,87.99,53.33,1.09,26.73,14.06,6.24,STANDARD,1000,TRUE
RS-T-00336,TrailForge Precision Tennis Racquet X1 16,Racquet Sports,Tennis,TrailForge,158.99,86.07,1.07,27.54,10.72,3.13,STANDARD,1000,TRUE
RS-T-00337,Redwood Sporting Essential Tennis Net S 17,Racquet Sports,Tennis,Redwood Sporting,392.99,237.53,23.36,39.07,9.31,10.96,LARGE,100,TRUE
RS-T-00338,Vantage Sport Premier Tennis Net GT 18,Racquet Sports,Tennis,Vantage Sport,153.99,86.78,21.61,41.77,10.19,9.48,LARGE,100,TRUE
RS-T-00339,Altitude Works Precision Tennis Racquet X1 19,Racquet Sports,Tennis,Altitude Works,144.99,78.59,0.93,28.21,10.88,3.02,STANDARD,1000,TRUE
RS-T-00340,Vantage Sport Premier Tennis Ball Case S 20,Racquet Sports,Tennis,Vantage Sport,87.96,60.94,8.58,20.86,15.24,8.93,STANDARD,1000,TRUE
RS-P-00341,FieldCraft Premier Pickleball Set X2,Racquet Sports,Pickleball,FieldCraft,152.99,82.79,6.68,23.46,11.36,8.12,STANDARD,1000,TRUE
RS-P-00342,CourtLine Competition Pickleball Paddle GT,Racquet Sports,Pickleball,CourtLine,150.99,86.20,0.80,17.25,8.28,2.98,STANDARD,1000,TRUE
RS-P-00343,ForgeLine Trail Pickleball Set LT,Racquet Sports,Pickleball,ForgeLine,237.99,138.22,9.63,25.53,11.15,8.90,STANDARD,1000,TRUE
RS-P-00344,Apex Athletics Elite Pickleball Pack NX,Racquet Sports,Pickleball,Apex Athletics,28.99,19.85,0.85,10.45,7.48,6.01,STANDARD,1000,TRUE
RS-P-00345,Altitude Works Endurance Portable Pickleball Net NX,Racquet Sports,Pickleball,Altitude Works,237.99,124.85,21.48,41.95,9.12,9.43,LARGE,100,TRUE
RS-P-00346,RidgeRunner Active Pickleball Pack Edge,Racquet Sports,Pickleball,RidgeRunner,26.99,17.91,1.06,9.82,7.87,5.90,STANDARD,1000,TRUE
RS-P-00347,StrikeZone Athletics Core Pickleball Pack Pro,Racquet Sports,Pickleball,StrikeZone Athletics,31.99,22.04,0.62,9.83,8.74,5.93,STANDARD,1000,TRUE
RS-P-00348,ForgeLine Performance Pickleball Pack NX,Racquet Sports,Pickleball,ForgeLine,16.64,11.00,0.67,11.14,8.62,5.74,STANDARD,1000,TRUE
RS-P-00349,EverPeak Endurance Pickleball Pack Pro 9,Racquet Sports,Pickleball,EverPeak,30.99,21.92,0.66,10.78,7.21,5.77,STANDARD,1000,TRUE
RS-P-00350,CourtLine Competition Pickleball Set LT 10,Racquet Sports,Pickleball,CourtLine,149.99,105.75,8.95,24.97,13.07,7.40,STANDARD,1000,TRUE
RS-P-00351,ForgeLine Premier Pickleball Set XR 11,Racquet Sports,Pickleball,ForgeLine,172.99,112.08,6.33,24.66,12.86,7.13,STANDARD,1000,TRUE
RS-P-00352,Northstar Outdoor Essential Pickleball Set LT 12,Racquet Sports,Pickleball,Northstar Outdoor,65.09,43.23,8.59,24.03,13.18,8.27,STANDARD,1000,TRUE
RS-P-00353,Apex Athletics Performance Pickleball Pack LT 13,Racquet Sports,Pickleball,Apex Athletics,15.99,10.19,0.84,11.20,7.72,6.16,STANDARD,1000,TRUE
RS-P-00354,Northstar Outdoor Premier Pickleball Set Edge 14,Racquet Sports,Pickleball,Northstar Outdoor,115.99,65.54,5.38,23.80,11.24,7.32,STANDARD,1000,TRUE
RS-P-00355,Altitude Works Essential Pickleball Pack Max 15,Racquet Sports,Pickleball,Altitude Works,19.99,12.99,1.07,8.80,8.56,6.11,STANDARD,1000,TRUE
RS-P-00356,Pulse Athletics Pro Pickleball Pack Edge 16,Racquet Sports,Pickleball,Pulse Athletics,24.99,14.14,0.75,11.01,7.67,5.42,STANDARD,1000,TRUE
RS-P-00357,Redwood Sporting Endurance Pickleball Pack S 17,Racquet Sports,Pickleball,Redwood Sporting,23.99,14.87,1.94,10.89,7.84,6.71,STANDARD,1000,TRUE
RS-P-00358,RidgeRunner Core Pickleball Set NX 18,Racquet Sports,Pickleball,RidgeRunner,93.99,46.36,9.83,23.15,11.59,7.75,STANDARD,1000,TRUE
RS-P-00359,Pulse Athletics Essential Pickleball Pack Max 19,Racquet Sports,Pickleball,Pulse Athletics,16.99,11.97,1.70,9.86,7.51,5.38,STANDARD,1000,TRUE
RS-P-00360,TitanTrail Classic Pickleball Set Max 20,Racquet Sports,Pickleball,TitanTrail,231.99,130.17,8.43,25.56,11.30,7.48,STANDARD,1000,TRUE
RS-B-00361,Redwood Sporting Premier Badminton Net NX,Racquet Sports,Badminton,Redwood Sporting,176.99,100.09,17.13,34.21,9.93,8.62,LARGE,100,TRUE
RS-B-00362,Northstar Outdoor Premier Badminton Net GT,Racquet Sports,Badminton,Northstar Outdoor,64.99,40.28,17.67,37.07,9.61,8.10,LARGE,100,TRUE
RS-B-00363,Vantage Sport Trail Badminton Racquet X1,Racquet Sports,Badminton,Vantage Sport,36.64,25.96,0.31,30.11,10.58,1.85,STANDARD,1000,TRUE
RS-B-00364,TrailForge Pro Shuttlecock Pack LT,Racquet Sports,Badminton,TrailForge,9.99,6.51,0.47,8.06,5.01,4.39,STANDARD,1000,TRUE
RS-B-00365,Pulse Athletics Precision Badminton Net X1,Racquet Sports,Badminton,Pulse Athletics,133.99,75.50,16.53,34.55,9.90,8.82,LARGE,100,TRUE
RS-B-00366,PeakMotion Performance Badminton Net X1,Racquet Sports,Badminton,PeakMotion,84.90,52.92,16.91,37.49,8.82,7.43,LARGE,100,TRUE
RS-B-00367,Velocity Gear Core Badminton Net NX,Racquet Sports,Badminton,Velocity Gear,89.99,45.13,10.05,34.63,9.88,8.84,LARGE,100,TRUE
RS-B-00368,PeakMotion Essential Shuttlecock Pack Pro,Racquet Sports,Badminton,PeakMotion,24.99,16.72,0.86,8.59,5.40,4.33,STANDARD,1000,TRUE
RS-B-00369,TitanTrail Precision Badminton Set Max 9,Racquet Sports,Badminton,TitanTrail,66.99,44.22,3.02,28.06,10.63,8.42,STANDARD,1000,TRUE
RS-B-00370,Apex Athletics Performance Shuttlecock Pack NX 10,Racquet Sports,Badminton,Apex Athletics,14.99,10.44,0.62,7.49,5.28,3.78,STANDARD,1000,TRUE
RS-B-00371,RidgeRunner Active Shuttlecock Pack X1 11,Racquet Sports,Badminton,RidgeRunner,19.99,13.11,0.31,8.92,5.13,3.81,STANDARD,1000,TRUE
RS-B-00372,Summit Sports Pro Badminton Net Max 12,Racquet Sports,Badminton,Summit Sports,182.37,124.42,20.53,34.53,8.81,7.10,LARGE,100,TRUE
RS-B-00373,Velocity Gear Elite Shuttlecock Pack XR 13,Racquet Sports,Badminton,Velocity Gear,36.54,24.21,0.26,8.33,4.75,3.81,STANDARD,1000,TRUE
RS-B-00374,Apex Athletics Endurance Badminton Net Edge 14,Racquet Sports,Badminton,Apex Athletics,112.99,73.11,16.09,35.84,9.52,8.51,LARGE,100,TRUE
RS-B-00375,Pulse Athletics Precision Badminton Net NX 15,Racquet Sports,Badminton,Pulse Athletics,153.99,82.85,20.27,37.57,8.38,7.43,LARGE,100,TRUE
RS-B-00376,StrikeZone Athletics Performance Badminton Net Edge 16,Racquet Sports,Badminton,StrikeZone Athletics,141.99,72.52,21.96,32.17,8.23,8.90,LARGE,100,TRUE
RS-B-00377,Altitude Works Endurance Badminton Net X1 17,Racquet Sports,Badminton,Altitude Works,147.99,82.47,8.69,38.71,9.20,8.12,LARGE,100,TRUE
RS-B-00378,IronPeak Fitness Elite Badminton Net X1 18,Racquet Sports,Badminton,IronPeak Fitness,198.99,95.77,14.91,37.19,9.46,7.11,LARGE,100,TRUE
RS-B-00379,Redwood Sporting Trail Badminton Set Pro 19,Racquet Sports,Badminton,Redwood Sporting,61.99,35.98,6.11,30.71,9.82,7.80,STANDARD,1000,TRUE
RS-B-00380,Northstar Outdoor Trail Badminton Racquet X2 20,Racquet Sports,Badminton,Northstar Outdoor,99.93,53.83,0.32,29.18,11.01,1.98,STANDARD,1000,TRUE
RS-S-00381,Altitude Works Pro Squash Goggles X1,Racquet Sports,Squash,Altitude Works,42.99,27.34,0.61,7.47,5.34,3.32,STANDARD,1000,TRUE
RS-S-00382,BlueWave Sports Precision Squash Goggles X1,Racquet Sports,Squash,BlueWave Sports,51.99,32.13,0.37,7.11,5.15,2.72,STANDARD,1000,TRUE
RS-S-00383,BlueWave Sports Classic Squash Ball Pack Pro,Racquet Sports,Squash,BlueWave Sports,17.99,12.50,0.20,6.03,3.83,2.94,STANDARD,1000,TRUE
RS-S-00384,Northstar Outdoor Elite Squash Ball Pack GT,Racquet Sports,Squash,Northstar Outdoor,24.99,14.40,0.62,6.09,4.47,2.85,STANDARD,1000,TRUE
RS-S-00385,CoreEdge Competition Squash Racquet LT,Racquet Sports,Squash,CoreEdge,44.99,31.03,0.30,25.02,10.45,2.87,STANDARD,1000,TRUE
RS-S-00386,EverPeak Essential Squash Ball Pack LT,Racquet Sports,Squash,EverPeak,25.99,15.37,0.84,6.49,3.75,2.90,STANDARD,1000,TRUE
RS-S-00387,Northstar Outdoor Precision Squash Goggles Edge 7,Racquet Sports,Squash,Northstar Outdoor,71.99,41.45,0.47,8.30,5.22,2.72,STANDARD,1000,TRUE
RS-S-00388,Apex Athletics Precision Squash Goggles X1 8,Racquet Sports,Squash,Apex Athletics,27.99,17.33,0.29,7.73,4.71,2.77,STANDARD,1000,TRUE
RS-S-00389,Pulse Athletics Competition Squash Goggles Max 9,Racquet Sports,Squash,Pulse Athletics,45.99,23.39,0.47,7.99,5.14,2.87,STANDARD,1000,TRUE
RS-S-00390,StrikeZone Athletics Active Squash Goggles GT 10,Racquet Sports,Squash,StrikeZone Athletics,36.99,21.68,0.40,8.38,4.56,2.71,STANDARD,1000,TRUE
RS-S-00391,Altitude Works Elite Squash Goggles S 11,Racquet Sports,Squash,Altitude Works,55.99,27.90,0.38,7.41,5.22,2.79,STANDARD,1000,TRUE
RS-S-00392,BlueWave Sports Pro Squash Racquet LT 12,Racquet Sports,Squash,BlueWave Sports,159.99,103.88,0.47,29.49,8.98,3.04,STANDARD,1000,TRUE
RS-S-00393,CoreEdge Elite Squash Goggles X2 13,Racquet Sports,Squash,CoreEdge,73.75,52.85,0.55,8.91,4.89,3.21,STANDARD,1000,TRUE
RS-S-00394,BlueWave Sports Elite Squash Goggles XR 14,Racquet Sports,Squash,BlueWave Sports,43.99,24.53,0.43,7.22,5.22,3.35,STANDARD,1000,TRUE
RS-S-00395,Summit Sports Classic Squash Racquet NX 15,Racquet Sports,Squash,Summit Sports,143.99,100.45,0.67,31.01,9.53,2.98,STANDARD,1000,TRUE
RS-S-00396,BlueWave Sports Performance Squash Goggles X2 16,Racquet Sports,Squash,BlueWave Sports,29.99,20.59,0.34,7.27,4.75,2.92,STANDARD,1000,TRUE
RS-S-00397,ForgeLine Elite Squash Goggles Edge 17,Racquet Sports,Squash,ForgeLine,60.99,40.30,0.75,7.49,4.86,3.29,STANDARD,1000,TRUE
RS-S-00398,ForgeLine Essential Squash Goggles GT 18,Racquet Sports,Squash,ForgeLine,53.99,26.40,0.70,7.30,5.53,2.64,STANDARD,1000,TRUE
RS-S-00399,Pulse Athletics Competition Squash Racquet GT 19,Racquet Sports,Squash,Pulse Athletics,137.99,70.39,0.48,30.40,11.16,2.65,STANDARD,1000,TRUE
RS-S-00400,StrikeZone Athletics Active Squash Racquet Edge 20,Racquet Sports,Squash,StrikeZone Athletics,110.99,53.58,0.46,25.13,9.56,3.00,STANDARD,1000,TRUE
RS-TT-00401,ForgeLine Competition Table Tennis Ball Pack XR,Racquet Sports,Table Tennis,ForgeLine,31.99,17.15,0.97,7.59,5.10,4.41,STANDARD,1000,TRUE
RS-TT-00402,ForgeLine Performance Table Tennis Ball Pack GT,Racquet Sports,Table Tennis,ForgeLine,20.99,12.79,0.36,8.11,5.56,3.75,STANDARD,1000,TRUE
RS-TT-00403,Pulse Athletics Active Table Tennis Net Set Max,Racquet Sports,Table Tennis,Pulse Athletics,66.99,36.31,1.52,15.17,7.92,4.26,STANDARD,1000,TRUE
RS-TT-00404,RidgeRunner Precision Table Tennis Net Set X1,Racquet Sports,Table Tennis,RidgeRunner,54.99,36.30,1.02,15.57,7.12,3.74,STANDARD,1000,TRUE
RS-TT-00405,Northstar Outdoor Competition Table Tennis Net Set S,Racquet Sports,Table Tennis,Northstar Outdoor,39.99,26.61,1.22,12.63,8.06,4.06,STANDARD,1000,TRUE
RS-TT-00406,CoreEdge Competition Foldable Table Tennis Table GT,Racquet Sports,Table Tennis,CoreEdge,502.99,303.51,162.21,66.80,62.23,7.91,OVERSIZED,20,TRUE
RS-TT-00407,BlueWave Sports Competition Table Tennis Ball Pack LT,Racquet Sports,Table Tennis,BlueWave Sports,35.99,20.55,0.37,7.67,5.31,4.12,STANDARD,1000,TRUE
RS-TT-00408,Pulse Athletics Premier Table Tennis Ball Pack XR,Racquet Sports,Table Tennis,Pulse Athletics,12.99,7.16,0.41,8.59,5.54,4.26,STANDARD,1000,TRUE
RS-TT-00409,Pulse Athletics Trail Table Tennis Net Set NX 9,Racquet Sports,Table Tennis,Pulse Athletics,41.99,30.21,2.57,12.94,8.95,3.54,STANDARD,1000,TRUE
RS-TT-00410,FieldCraft Core Table Tennis Ball Pack Edge 10,Racquet Sports,Table Tennis,FieldCraft,25.99,15.62,0.26,7.88,4.64,3.77,STANDARD,1000,TRUE
RS-TT-00411,Summit Sports Performance Table Tennis Ball Pack LT 11,Racquet Sports,Table Tennis,Summit Sports,26.99,18.31,0.80,7.05,4.64,3.88,STANDARD,1000,TRUE
RS-TT-00412,BlueWave Sports Elite Table Tennis Ball Pack Max 12,Racquet Sports,Table Tennis,BlueWave Sports,31.99,17.60,0.49,8.39,5.03,4.44,STANDARD,1000,TRUE
RS-TT-00413,BlueWave Sports Core Table Tennis Paddle NX 13,Racquet Sports,Table Tennis,BlueWave Sports,38.99,24.89,0.76,12.70,8.30,3.21,STANDARD,1000,TRUE
RS-TT-00414,Redwood Sporting Trail Table Tennis Net Set Edge 14,Racquet Sports,Table Tennis,Redwood Sporting,59.99,36.91,2.42,15.65,8.35,4.35,STANDARD,1000,TRUE
RS-TT-00415,StrikeZone Athletics Essential Table Tennis Paddle X2 15,Racquet Sports,Table Tennis,StrikeZone Athletics,72.99,43.76,0.55,10.91,7.67,2.77,STANDARD,1000,TRUE
RS-TT-00416,Summit Sports Elite Table Tennis Paddle Max 16,Racquet Sports,Table Tennis,Summit Sports,35.85,19.12,0.73,12.48,8.03,3.08,STANDARD,1000,TRUE
RS-TT-00417,Pulse Athletics Trail Table Tennis Paddle GT 17,Racquet Sports,Table Tennis,Pulse Athletics,69.04,41.88,0.51,11.91,8.55,3.10,STANDARD,1000,TRUE
RS-TT-00418,TrailForge Core Foldable Table Tennis Table Pro 18,Racquet Sports,Table Tennis,TrailForge,456.99,290.81,147.07,57.73,62.41,7.81,OVERSIZED,20,TRUE
RS-TT-00419,BlueWave Sports Classic Foldable Table Tennis Table NX 19,Racquet Sports,Table Tennis,BlueWave Sports,821.99,472.69,124.25,58.47,53.41,8.47,OVERSIZED,20,TRUE
RS-TT-00420,IronPeak Fitness Classic Table Tennis Paddle X2 20,Racquet Sports,Table Tennis,IronPeak Fitness,84.99,53.87,0.42,12.93,8.61,2.95,STANDARD,1000,TRUE
G-GC-00421,Velocity Gear Classic Putter GT,Golf,Golf Clubs,Velocity Gear,317.99,201.23,1.06,35.88,6.34,4.59,LARGE,100,TRUE
G-GC-00422,IronPeak Fitness Performance Wedge XR,Golf,Golf Clubs,IronPeak Fitness,263.99,150.03,2.21,36.68,5.46,3.75,LARGE,100,TRUE
G-GC-00423,IronPeak Fitness Performance Titanium Driver S,Golf,Golf Clubs,IronPeak Fitness,598.99,312.01,0.72,49.90,6.05,6.45,LARGE,100,TRUE
G-GC-00424,TitanTrail Endurance Putter Edge,Golf,Golf Clubs,TitanTrail,248.99,138.15,1.48,41.70,5.93,4.67,LARGE,100,TRUE
G-GC-00425,TrailForge Endurance Titanium Driver X2,Golf,Golf Clubs,TrailForge,659.99,321.73,1.06,43.48,6.43,5.70,LARGE,100,TRUE
G-GC-00426,Redwood Sporting Essential Titanium Driver Max,Golf,Golf Clubs,Redwood Sporting,614.99,319.99,1.08,53.16,5.40,5.98,LARGE,100,TRUE
G-GC-00427,TitanTrail Endurance Iron Set S,Golf,Golf Clubs,TitanTrail,994.99,599.70,15.22,46.09,12.17,7.19,LARGE,100,TRUE
G-GC-00428,StrikeZone Athletics Pro Titanium Driver Edge,Golf,Golf Clubs,StrikeZone Athletics,460.99,267.66,0.91,44.47,5.32,6.14,LARGE,100,TRUE
G-GC-00429,Redwood Sporting Elite Putter Max 9,Golf,Golf Clubs,Redwood Sporting,109.99,64.52,2.16,42.51,5.42,5.51,LARGE,100,TRUE
G-GC-00430,BlueWave Sports Competition Wedge X1 10,Golf,Golf Clubs,BlueWave Sports,209.99,116.90,2.20,33.92,4.99,4.19,LARGE,100,TRUE
G-GC-00431,StrikeZone Athletics Competition Titanium Driver X2 11,Golf,Golf Clubs,StrikeZone Athletics,483.99,260.24,1.13,46.71,5.68,5.78,LARGE,100,TRUE
G-GC-00432,TrailForge Performance Iron Set Pro 12,Golf,Golf Clubs,TrailForge,1522.44,920.86,12.09,51.51,11.03,8.87,LARGE,100,TRUE
G-GC-00433,Northstar Outdoor Active Wedge S 13,Golf,Golf Clubs,Northstar Outdoor,222.99,122.96,2.08,39.75,5.15,3.97,LARGE,100,TRUE
G-GC-00434,Northstar Outdoor Trail Iron Set Pro 14,Golf,Golf Clubs,Northstar Outdoor,473.99,285.49,7.92,42.74,11.61,8.81,LARGE,100,TRUE
G-GC-00435,Altitude Works Active Iron Set X1 15,Golf,Golf Clubs,Altitude Works,1051.99,630.23,7.93,51.04,12.91,8.59,LARGE,100,TRUE
G-GC-00436,PeakMotion Elite Titanium Driver LT 16,Golf,Golf Clubs,PeakMotion,334.99,171.02,0.79,43.37,6.67,5.66,LARGE,100,TRUE
G-GC-00437,Summit Sports Core Wedge XR 17,Golf,Golf Clubs,Summit Sports,192.99,127.35,2.40,42.17,5.37,4.32,LARGE,100,TRUE
G-GC-00438,EverPeak Classic Titanium Driver Max 18,Golf,Golf Clubs,EverPeak,691.99,495.99,0.82,48.97,5.53,5.58,LARGE,100,TRUE
G-GC-00439,Apex Athletics Pro Titanium Driver Edge 19,Golf,Golf Clubs,Apex Athletics,671.99,416.78,1.16,43.35,5.84,6.20,LARGE,100,TRUE
G-GC-00440,IronPeak Fitness Core Titanium Driver Max 20,Golf,Golf Clubs,IronPeak Fitness,435.99,282.68,0.87,47.48,6.01,6.39,LARGE,100,TRUE
G-GB-00441,EverPeak Trail Practice Golf Ball Pack X1,Golf,Golf Balls,EverPeak,16.15,9.53,1.86,7.62,6.04,4.06,STANDARD,1000,TRUE
G-GB-00442,Summit Sports Performance Practice Golf Ball Pack NX,Golf,Golf Balls,Summit Sports,35.99,23.49,1.17,7.55,6.01,4.22,STANDARD,1000,TRUE
G-GB-00443,IronPeak Fitness Pro Tour Golf Ball Dozen NX,Golf,Golf Balls,IronPeak Fitness,57.99,33.64,1.29,7.13,6.10,4.36,STANDARD,1000,TRUE
G-GB-00444,TrailForge Elite Practice Golf Ball Pack Max,Golf,Golf Balls,TrailForge,38.99,26.41,1.17,7.77,5.92,4.37,STANDARD,1000,TRUE
G-GB-00445,TitanTrail Competition Practice Golf Ball Pack NX 5,Golf,Golf Balls,TitanTrail,19.99,13.38,1.47,7.13,5.55,3.72,STANDARD,1000,TRUE
G-GB-00446,Velocity Gear Trail Tour Golf Ball Dozen LT 6,Golf,Golf Balls,Velocity Gear,24.99,17.75,1.30,8.71,6.06,4.22,STANDARD,1000,TRUE
G-GB-00447,FieldCraft Pro Practice Golf Ball Pack Max 7,Golf,Golf Balls,FieldCraft,17.99,11.33,1.90,7.55,6.16,4.27,STANDARD,1000,TRUE
G-GB-00448,Redwood Sporting Precision Tour Golf Ball Dozen X1 8,Golf,Golf Balls,Redwood Sporting,28.99,16.09,1.34,7.38,6.40,3.65,STANDARD,1000,TRUE
G-GB-00449,EverPeak Performance Practice Golf Ball Pack Max 9,Golf,Golf Balls,EverPeak,24.31,13.25,1.55,7.85,6.67,3.90,STANDARD,1000,TRUE
G-GB-00450,CourtLine Elite Tour Golf Ball Dozen Max 10,Golf,Golf Balls,CourtLine,29.99,16.57,2.00,8.67,6.64,4.30,STANDARD,1000,TRUE
G-GB-00451,Pulse Athletics Elite Practice Golf Ball Pack GT 11,Golf,Golf Balls,Pulse Athletics,31.99,22.47,1.74,8.50,5.97,3.96,STANDARD,1000,TRUE
G-GB-00452,Pulse Athletics Core Tour Golf Ball Dozen Pro 12,Golf,Golf Balls,Pulse Athletics,19.99,10.72,1.03,8.04,5.85,4.12,STANDARD,1000,TRUE
G-GB-00453,BlueWave Sports Essential Tour Golf Ball Dozen XR 13,Golf,Golf Balls,BlueWave Sports,42.99,30.08,1.40,8.27,5.93,3.90,STANDARD,1000,TRUE
G-GB-00454,CoreEdge Trail Tour Golf Ball Dozen XR 14,Golf,Golf Balls,CoreEdge,58.75,30.77,1.68,7.13,5.48,4.09,STANDARD,1000,TRUE
G-GB-00455,Apex Athletics Pro Practice Golf Ball Pack XR 15,Golf,Golf Balls,Apex Athletics,22.99,11.57,1.93,8.19,5.43,4.02,STANDARD,1000,TRUE
G-GB-00456,BlueWave Sports Competition Tour Golf Ball Dozen LT 16,Golf,Golf Balls,BlueWave Sports,51.11,29.64,1.82,7.29,5.34,4.36,STANDARD,1000,TRUE
G-GB-00457,BlueWave Sports Pro Tour Golf Ball Dozen Edge 17,Golf,Golf Balls,BlueWave Sports,49.99,35.65,1.49,7.63,5.82,3.56,STANDARD,1000,TRUE
G-GB-00458,Redwood Sporting Performance Practice Golf Ball Pack GT 18,Golf,Golf Balls,Redwood Sporting,16.26,10.39,1.69,8.51,5.79,4.11,STANDARD,1000,TRUE
G-GB-00459,RidgeRunner Competition Practice Golf Ball Pack NX 19,Golf,Golf Balls,RidgeRunner,30.99,17.32,0.80,8.09,6.43,4.12,STANDARD,1000,TRUE
G-GB-00460,CourtLine Core Tour Golf Ball Dozen X1 20,Golf,Golf Balls,CourtLine,53.99,31.60,1.88,7.23,6.57,4.43,STANDARD,1000,TRUE
G-GB-00461,EverPeak Pro Cart Golf Bag NX,Golf,Golf Bags,EverPeak,341.99,206.14,11.21,37.42,14.00,14.62,LARGE,100,TRUE
G-GB-00462,TitanTrail Pro Stand Golf Bag NX,Golf,Golf Bags,TitanTrail,129.99,89.34,7.41,34.18,15.45,13.15,STANDARD,1000,TRUE
G-GB-00463,Redwood Sporting Endurance Travel Golf Bag GT,Golf,Golf Bags,Redwood Sporting,305.99,175.95,8.45,48.72,16.86,14.30,LARGE,100,TRUE
G-GB-00464,PeakMotion Premier Travel Golf Bag Pro,Golf,Golf Bags,PeakMotion,118.99,66.08,7.79,57.33,14.80,15.49,LARGE,100,TRUE
G-GB-00465,Velocity Gear Core Stand Golf Bag XR,Golf,Golf Bags,Velocity Gear,285.93,200.99,7.40,35.38,14.54,12.78,STANDARD,1000,TRUE
G-GB-00466,Pulse Athletics Elite Stand Golf Bag Pro,Golf,Golf Bags,Pulse Athletics,201.99,105.61,5.68,34.95,14.49,10.86,STANDARD,1000,TRUE
G-GB-00467,RidgeRunner Core Travel Golf Bag Pro 7,Golf,Golf Bags,RidgeRunner,317.99,211.03,9.11,46.31,14.49,12.71,LARGE,100,TRUE
G-GB-00468,PeakMotion Pro Travel Golf Bag X2 8,Golf,Golf Bags,PeakMotion,92.99,51.15,6.58,51.76,16.88,13.07,LARGE,100,TRUE
G-GB-00469,TitanTrail Elite Stand Golf Bag GT 9,Golf,Golf Bags,TitanTrail,342.52,241.53,5.19,36.01,14.17,12.93,STANDARD,1000,TRUE
G-GB-00470,CourtLine Active Stand Golf Bag X2 10,Golf,Golf Bags,CourtLine,149.99,85.61,7.87,34.45,12.82,10.76,STANDARD,1000,TRUE
G-GB-00471,TitanTrail Elite Stand Golf Bag XR 11,Golf,Golf Bags,TitanTrail,389.99,211.70,4.21,36.82,13.17,11.57,STANDARD,1000,TRUE
G-GB-00472,Vantage Sport Endurance Travel Golf Bag X2 12,Golf,Golf Bags,Vantage Sport,223.99,121.41,6.53,55.75,16.72,14.14,LARGE,100,TRUE
G-GB-00473,Redwood Sporting Active Cart Golf Bag X1 13,Golf,Golf Bags,Redwood Sporting,408.99,283.57,11.26,42.67,14.02,13.83,LARGE,100,TRUE
G-GB-00474,CourtLine Classic Cart Golf Bag GT 14,Golf,Golf Bags,CourtLine,488.99,319.42,7.69,40.39,14.14,14.55,LARGE,100,TRUE
G-GB-00475,RidgeRunner Competition Travel Golf Bag Pro 15,Golf,Golf Bags,RidgeRunner,237.99,150.15,9.46,49.51,15.76,14.64,LARGE,100,TRUE
G-GB-00476,EverPeak Competition Cart Golf Bag XR 16,Golf,Golf Bags,EverPeak,382.99,191.61,8.01,44.24,14.90,12.96,LARGE,100,TRUE
G-GB-00477,IronPeak Fitness Trail Cart Golf Bag X2 17,Golf,Golf Bags,IronPeak Fitness,342.99,197.80,7.36,42.94,13.23,12.65,LARGE,100,TRUE
G-GB-00478,Redwood Sporting Precision Stand Golf Bag LT 18,Golf,Golf Bags,Redwood Sporting,324.99,228.58,5.82,39.01,14.52,10.69,STANDARD,1000,TRUE
G-GB-00479,Altitude Works Premier Cart Golf Bag Edge 19,Golf,Golf Bags,Altitude Works,410.99,235.18,10.27,39.05,14.42,14.17,LARGE,100,TRUE
G-GB-00480,Northstar Outdoor Essential Stand Golf Bag S 20,Golf,Golf Bags,Northstar Outdoor,159.99,95.46,7.26,31.86,14.79,13.21,STANDARD,1000,TRUE
G-GTE-00481,RidgeRunner Precision Putting Mat XR,Golf,Golf Training Equipment,RidgeRunner,243.99,136.38,5.59,37.84,10.31,9.48,STANDARD,1000,TRUE
G-GTE-00482,EverPeak Competition Golf Practice Net XR,Golf,Golf Training Equipment,EverPeak,98.99,54.48,8.32,39.20,11.10,8.80,LARGE,100,TRUE
G-GTE-00483,PeakMotion Trail Swing Trainer X1,Golf,Golf Training Equipment,PeakMotion,80.99,42.54,3.02,24.34,8.74,6.23,STANDARD,1000,TRUE
G-GTE-00484,Pulse Athletics Essential Golf Practice Net X2,Golf,Golf Training Equipment,Pulse Athletics,218.99,154.41,22.07,35.68,13.19,8.95,LARGE,100,TRUE
G-GTE-00485,TrailForge Core Golf Practice Net GT,Golf,Golf Training Equipment,TrailForge,71.99,45.34,11.62,38.00,12.43,9.80,LARGE,100,TRUE
G-GTE-00486,Altitude Works Active Swing Trainer NX,Golf,Golf Training Equipment,Altitude Works,46.99,25.29,3.96,22.91,8.12,5.65,STANDARD,1000,TRUE
G-GTE-00487,Pulse Athletics Trail Swing Trainer X1,Golf,Golf Training Equipment,Pulse Athletics,92.99,55.35,2.39,24.15,7.33,5.62,STANDARD,1000,TRUE
G-GTE-00488,IronPeak Fitness Core Launch Monitor Pro,Golf,Golf Training Equipment,IronPeak Fitness,1003.99,600.84,4.28,11.57,10.13,6.01,STANDARD,1000,TRUE
G-GTE-00489,RidgeRunner Elite Launch Monitor LT 9,Golf,Golf Training Equipment,RidgeRunner,1749.99,1184.88,4.23,12.04,9.70,6.63,STANDARD,1000,TRUE
G-GTE-00490,Summit Sports Trail Putting Mat X2 10,Golf,Golf Training Equipment,Summit Sports,75.99,44.36,7.04,33.09,9.05,10.08,STANDARD,1000,TRUE
G-GTE-00491,Pulse Athletics Premier Swing Trainer NX 11,Golf,Golf Training Equipment,Pulse Athletics,93.99,54.63,4.83,22.63,7.64,6.22,STANDARD,1000,TRUE
G-GTE-00492,EverPeak Performance Launch Monitor NX 12,Golf,Golf Training Equipment,EverPeak,2473.99,1633.08,2.21,10.67,10.54,5.48,STANDARD,1000,TRUE
G-GTE-00493,StrikeZone Athletics Active Launch Monitor XR 13,Golf,Golf Training Equipment,StrikeZone Athletics,1624.99,1128.99,1.53,12.70,8.81,6.13,STANDARD,1000,TRUE
G-GTE-00494,Apex Athletics Competition Launch Monitor NX 14,Golf,Golf Training Equipment,Apex Athletics,1423.99,745.22,5.21,13.17,8.83,6.39,STANDARD,1000,TRUE
G-GTE-00495,Velocity Gear Competition Putting Mat XR 15,Golf,Golf Training Equipment,Velocity Gear,128.99,92.01,8.46,31.80,9.75,8.82,STANDARD,1000,TRUE
G-GTE-00496,PeakMotion Classic Launch Monitor NX 16,Golf,Golf Training Equipment,PeakMotion,2294.99,1357.67,3.13,11.71,9.90,5.76,STANDARD,1000,TRUE
G-GTE-00497,PeakMotion Performance Swing Trainer GT 17,Golf,Golf Training Equipment,PeakMotion,60.99,30.58,4.61,26.50,7.96,6.40,STANDARD,1000,TRUE
G-GTE-00498,Altitude Works Active Golf Practice Net Edge 18,Golf,Golf Training Equipment,Altitude Works,150.99,100.00,19.09,39.45,11.33,10.90,LARGE,100,TRUE
G-GTE-00499,FieldCraft Trail Putting Mat Pro 19,Golf,Golf Training Equipment,FieldCraft,39.99,19.79,4.05,32.90,10.49,10.38,STANDARD,1000,TRUE
G-GTE-00500,Redwood Sporting Pro Launch Monitor S 20,Golf,Golf Training Equipment,Redwood Sporting,937.99,543.07,1.36,13.01,10.06,5.53,STANDARD,1000,TRUE
G-GA-00501,Summit Sports Core Rangefinder X2,Golf,Golf Accessories,Summit Sports,174.76,83.98,0.73,6.93,4.84,3.19,STANDARD,1000,TRUE
G-GA-00502,RidgeRunner Pro Golf Glove GT,Golf,Golf Accessories,RidgeRunner,15.99,7.86,0.28,8.30,4.63,2.08,STANDARD,1000,TRUE
G-GA-00503,Redwood Sporting Active Rangefinder Max,Golf,Golf Accessories,Redwood Sporting,495.99,253.82,0.47,7.42,5.14,3.27,STANDARD,1000,TRUE
G-GA-00504,Velocity Gear Performance Golf Towel NX,Golf,Golf Accessories,Velocity Gear,25.08,14.89,0.26,10.36,8.12,1.76,STANDARD,1000,TRUE
G-GA-00505,FieldCraft Performance Rangefinder Pro,Golf,Golf Accessories,FieldCraft,465.99,256.02,0.42,7.84,5.41,3.10,STANDARD,1000,TRUE
G-GA-00506,Redwood Sporting Competition Golf Glove X2,Golf,Golf Accessories,Redwood Sporting,28.99,18.76,0.27,7.62,5.03,2.18,STANDARD,1000,TRUE
G-GA-00507,BlueWave Sports Essential Rangefinder X2,Golf,Golf Accessories,BlueWave Sports,149.99,94.10,0.41,7.10,5.44,2.88,STANDARD,1000,TRUE
G-GA-00508,Velocity Gear Precision Golf Glove S,Golf,Golf Accessories,Velocity Gear,19.99,12.26,0.28,8.44,4.96,2.08,STANDARD,1000,TRUE
G-GA-00509,Vantage Sport Premier Golf Umbrella NX 9,Golf,Golf Accessories,Vantage Sport,63.99,31.27,3.00,33.71,3.52,4.31,LARGE,100,TRUE
G-GA-00510,Velocity Gear Premier Golf Umbrella Edge 10,Golf,Golf Accessories,Velocity Gear,54.99,38.56,2.80,41.24,3.80,4.04,LARGE,100,TRUE
G-GA-00511,Vantage Sport Core Rangefinder LT 11,Golf,Golf Accessories,Vantage Sport,147.99,91.54,0.41,7.55,5.58,2.97,STANDARD,1000,TRUE
G-GA-00512,Summit Sports Trail Golf Umbrella GT 12,Golf,Golf Accessories,Summit Sports,42.99,28.79,1.12,42.16,4.25,4.45,LARGE,100,TRUE
G-GA-00513,Apex Athletics Active Golf Glove X1 13,Golf,Golf Accessories,Apex Athletics,17.99,11.96,0.43,7.44,4.51,1.88,STANDARD,1000,TRUE
G-GA-00514,RidgeRunner Premier Golf Umbrella Max 14,Golf,Golf Accessories,RidgeRunner,74.99,53.48,1.15,42.30,4.09,4.04,LARGE,100,TRUE
G-GA-00515,EverPeak Premier Golf Umbrella S 15,Golf,Golf Accessories,EverPeak,59.99,29.55,2.00,38.28,3.98,4.19,LARGE,100,TRUE
G-GA-00516,BlueWave Sports Premier Golf Towel X1 16,Golf,Golf Accessories,BlueWave Sports,20.99,13.83,0.21,9.62,7.07,1.99,STANDARD,1000,TRUE
G-GA-00517,Velocity Gear Essential Golf Umbrella GT 17,Golf,Golf Accessories,Velocity Gear,48.99,33.17,2.97,36.18,3.97,4.08,LARGE,100,TRUE
G-GA-00518,TitanTrail Endurance Rangefinder Pro 18,Golf,Golf Accessories,TitanTrail,472.99,330.84,0.63,7.03,4.66,2.91,STANDARD,1000,TRUE
G-GA-00519,ForgeLine Competition Golf Towel Pro 19,Golf,Golf Accessories,ForgeLine,18.61,13.13,0.35,9.21,8.75,1.78,STANDARD,1000,TRUE
G-GA-00520,Summit Sports Trail Golf Umbrella Max 20,Golf,Golf Accessories,Summit Sports,54.99,38.82,2.03,37.52,4.16,4.04,LARGE,100,TRUE
C-B-00521,Apex Athletics Active Mountain Bike X2,Cycling,Bicycles,Apex Athletics,2211.99,1469.39,27.74,60.82,10.96,30.38,OVERSIZED,20,TRUE
C-B-00522,Velocity Gear Competition Hybrid Bike Edge,Cycling,Bicycles,Velocity Gear,1295.99,908.37,22.12,58.36,10.62,33.38,OVERSIZED,20,TRUE
C-B-00523,Northstar Outdoor Active Road Bike X2,Cycling,Bicycles,Northstar Outdoor,1585.99,1112.63,24.46,51.89,11.13,30.95,OVERSIZED,20,TRUE
C-B-00524,EverPeak Active Hybrid Bike Max,Cycling,Bicycles,EverPeak,1760.99,873.41,33.46,54.23,10.47,33.00,OVERSIZED,20,TRUE
C-B-00525,Summit Sports Core Mountain Bike LT,Cycling,Bicycles,Summit Sports,865.99,560.53,32.67,62.26,8.83,31.57,OVERSIZED,20,TRUE
C-B-00526,Pulse Athletics Core Road Bike X1,Cycling,Bicycles,Pulse Athletics,1184.07,737.77,16.91,60.41,10.26,31.91,OVERSIZED,20,TRUE
C-B-00527,CoreEdge Core Mountain Bike GT,Cycling,Bicycles,CoreEdge,2090.99,1411.03,32.95,53.22,10.62,33.34,OVERSIZED,20,TRUE
C-B-00528,Redwood Sporting Core Youth Bike GT,Cycling,Bicycles,Redwood Sporting,533.99,310.03,24.61,52.63,9.80,25.55,LARGE,100,TRUE
C-B-00529,Pulse Athletics Classic Hybrid Bike Pro 9,Cycling,Bicycles,Pulse Athletics,1484.99,822.37,24.83,59.01,11.08,27.75,OVERSIZED,20,TRUE
C-B-00530,IronPeak Fitness Endurance Hybrid Bike NX 10,Cycling,Bicycles,IronPeak Fitness,883.99,594.80,24.81,55.55,10.45,29.23,OVERSIZED,20,TRUE
C-B-00531,Apex Athletics Performance Mountain Bike X1 11,Cycling,Bicycles,Apex Athletics,1301.99,896.54,24.82,54.54,9.06,31.63,OVERSIZED,20,TRUE
C-B-00532,Pulse Athletics Performance Hybrid Bike S 12,Cycling,Bicycles,Pulse Athletics,1106.99,690.98,31.14,52.32,9.62,34.23,OVERSIZED,20,TRUE
C-B-00533,TrailForge Competition Youth Bike GT 13,Cycling,Bicycles,TrailForge,165.99,99.59,28.33,48.61,9.30,29.06,LARGE,100,TRUE
C-B-00534,PeakMotion Active Road Bike Pro 14,Cycling,Bicycles,PeakMotion,3578.99,2235.53,20.22,59.93,9.41,33.30,OVERSIZED,20,TRUE
C-B-00535,EverPeak Pro Youth Bike NX 15,Cycling,Bicycles,EverPeak,549.99,387.34,27.85,53.04,9.40,29.01,LARGE,100,TRUE
C-B-00536,EverPeak Classic Road Bike S 16,Cycling,Bicycles,EverPeak,3406.99,2351.47,21.50,61.39,9.66,32.74,OVERSIZED,20,TRUE
C-B-00537,IronPeak Fitness Classic Youth Bike XR 17,Cycling,Bicycles,IronPeak Fitness,560.99,377.71,27.72,48.77,10.18,27.54,LARGE,100,TRUE
C-B-00538,Pulse Athletics Trail Road Bike S 18,Cycling,Bicycles,Pulse Athletics,2266.99,1251.42,23.32,60.13,11.04,27.25,OVERSIZED,20,TRUE
C-B-00539,CoreEdge Elite Mountain Bike X2 19,Cycling,Bicycles,CoreEdge,1248.99,857.85,30.52,62.82,9.61,32.55,OVERSIZED,20,TRUE
C-B-00540,CoreEdge Active Youth Bike Edge 20,Cycling,Bicycles,CoreEdge,486.99,258.95,20.64,49.06,9.74,25.21,LARGE,100,TRUE
C-BC-00541,Apex Athletics Endurance Bike Wheelset S,Cycling,Bike Components,Apex Athletics,292.99,181.42,6.84,28.08,31.67,8.86,LARGE,100,TRUE
C-BC-00542,PeakMotion Classic Bike Drivetrain Kit LT,Cycling,Bike Components,PeakMotion,162.33,90.90,3.31,15.99,14.17,8.89,STANDARD,1000,TRUE
C-BC-00543,BlueWave Sports Core Bike Saddle X2,Cycling,Bike Components,BlueWave Sports,182.99,130.13,0.78,10.65,8.80,4.90,STANDARD,1000,TRUE
C-BC-00544,ForgeLine Active Bike Saddle X1,Cycling,Bike Components,ForgeLine,191.99,112.78,0.52,11.08,8.60,4.42,STANDARD,1000,TRUE
C-BC-00545,StrikeZone Athletics Classic Bike Saddle X1,Cycling,Bike Components,StrikeZone Athletics,56.99,33.26,0.59,11.89,7.67,5.37,STANDARD,1000,TRUE
C-BC-00546,TitanTrail Elite Bike Pedal Set XR,Cycling,Bike Components,TitanTrail,59.99,32.54,0.78,7.67,5.58,4.41,STANDARD,1000,TRUE
C-BC-00547,Velocity Gear Core Bike Wheelset S,Cycling,Bike Components,Velocity Gear,580.99,384.14,4.51,29.90,30.28,7.32,LARGE,100,TRUE
C-BC-00548,PeakMotion Core Bike Saddle Edge,Cycling,Bike Components,PeakMotion,121.99,73.37,0.57,12.57,8.18,4.67,STANDARD,1000,TRUE
C-BC-00549,Summit Sports Endurance Bike Wheelset S 9,Cycling,Bike Components,Summit Sports,435.99,251.78,9.62,30.56,32.05,8.29,LARGE,100,TRUE
C-BC-00550,TitanTrail Performance Bike Saddle Max 10,Cycling,Bike Components,TitanTrail,221.20,146.22,1.19,11.87,8.21,4.84,STANDARD,1000,TRUE
C-BC-00551,EverPeak Performance Bike Wheelset XR 11,Cycling,Bike Components,EverPeak,216.99,143.06,8.66,29.21,27.23,7.15,LARGE,100,TRUE
C-BC-00552,BlueWave Sports Elite Bike Drivetrain Kit XR 12,Cycling,Bike Components,BlueWave Sports,413.67,221.57,8.36,16.41,13.72,7.37,STANDARD,1000,TRUE
C-BC-00553,Northstar Outdoor Classic Bike Saddle Pro 13,Cycling,Bike Components,Northstar Outdoor,211.99,130.86,1.70,11.66,8.51,4.49,STANDARD,1000,TRUE
C-BC-00554,TrailForge Essential Bike Saddle Edge 14,Cycling,Bike Components,TrailForge,90.99,46.67,0.90,12.68,7.67,4.75,STANDARD,1000,TRUE
C-BC-00555,BlueWave Sports Trail Bike Saddle NX 15,Cycling,Bike Components,BlueWave Sports,217.99,111.39,1.05,12.73,8.85,4.87,STANDARD,1000,TRUE
C-BC-00556,Northstar Outdoor Endurance Bike Drivetrain Kit Pro 16,Cycling,Bike Components,Northstar Outdoor,712.99,394.88,5.76,15.87,13.23,7.68,STANDARD,1000,TRUE
C-BC-00557,Vantage Sport Competition Bike Pedal Set GT 17,Cycling,Bike Components,Vantage Sport,31.99,17.36,1.93,7.79,5.30,4.13,STANDARD,1000,TRUE
C-BC-00558,PeakMotion Pro Bike Pedal Set NX 18,Cycling,Bike Components,PeakMotion,37.10,21.01,0.86,8.31,6.22,3.63,STANDARD,1000,TRUE
C-BC-00559,Redwood Sporting Precision Bike Drivetrain Kit LT 19,Cycling,Bike Components,Redwood Sporting,181.99,115.51,3.73,18.85,15.47,7.75,STANDARD,1000,TRUE
C-BC-00560,Northstar Outdoor Classic Bike Saddle LT 20,Cycling,Bike Components,Northstar Outdoor,246.99,173.19,1.37,11.13,8.57,4.59,STANDARD,1000,TRUE
C-CH-00561,PeakMotion Active Road Cycling Helmet LT,Cycling,Cycling Helmets,PeakMotion,295.99,198.13,0.75,13.29,9.84,7.75,STANDARD,1000,TRUE
C-CH-00562,Pulse Athletics Trail Youth Cycling Helmet GT,Cycling,Cycling Helmets,Pulse Athletics,93.96,47.34,0.63,12.87,9.30,8.47,STANDARD,1000,TRUE
C-CH-00563,FieldCraft Competition Mountain Bike Helmet X1,Cycling,Cycling Helmets,FieldCraft,222.99,109.66,1.58,14.38,12.24,9.72,STANDARD,1000,TRUE
C-CH-00564,Pulse Athletics Competition Youth Cycling Helmet X1,Cycling,Cycling Helmets,Pulse Athletics,95.65,56.84,0.75,12.34,8.97,7.26,STANDARD,1000,TRUE
C-CH-00565,PeakMotion Classic Mountain Bike Helmet GT,Cycling,Cycling Helmets,PeakMotion,156.99,108.07,1.26,13.75,12.10,9.50,STANDARD,1000,TRUE
C-CH-00566,RidgeRunner Core Youth Cycling Helmet X2,Cycling,Cycling Helmets,RidgeRunner,92.03,46.55,0.48,10.57,8.66,8.18,STANDARD,1000,TRUE
C-CH-00567,StrikeZone Athletics Precision Road Cycling Helmet Edge 7,Cycling,Cycling Helmets,StrikeZone Athletics,298.99,205.88,1.01,13.63,10.42,8.50,STANDARD,1000,TRUE
C-CH-00568,EverPeak Classic Youth Cycling Helmet GT 8,Cycling,Cycling Helmets,EverPeak,91.76,61.65,1.03,10.65,9.69,7.90,STANDARD,1000,TRUE
C-CH-00569,PeakMotion Elite Youth Cycling Helmet XR 9,Cycling,Cycling Helmets,PeakMotion,53.99,35.02,1.09,12.82,8.09,8.86,STANDARD,1000,TRUE
C-CH-00570,TitanTrail Premier Mountain Bike Helmet GT 10,Cycling,Cycling Helmets,TitanTrail,96.99,61.78,1.81,12.64,11.19,8.56,STANDARD,1000,TRUE
C-CH-00571,RidgeRunner Performance Mountain Bike Helmet Edge 11,Cycling,Cycling Helmets,RidgeRunner,131.99,68.13,0.88,13.47,10.36,10.05,STANDARD,1000,TRUE
C-CH-00572,RidgeRunner Essential Road Cycling Helmet GT 12,Cycling,Cycling Helmets,RidgeRunner,266.99,173.86,1.12,12.57,9.65,7.79,STANDARD,1000,TRUE
C-CH-00573,IronPeak Fitness Competition Road Cycling Helmet S 13,Cycling,Cycling Helmets,IronPeak Fitness,44.99,30.10,0.82,12.48,8.98,7.30,STANDARD,1000,TRUE
C-CH-00574,RidgeRunner Competition Mountain Bike Helmet LT 14,Cycling,Cycling Helmets,RidgeRunner,341.99,181.60,1.99,12.94,10.31,8.86,STANDARD,1000,TRUE
C-CH-00575,Velocity Gear Elite Youth Cycling Helmet Edge 15,Cycling,Cycling Helmets,Velocity Gear,87.44,45.18,1.10,10.64,9.75,8.44,STANDARD,1000,TRUE
C-CH-00576,Altitude Works Active Road Cycling Helmet Edge 16,Cycling,Cycling Helmets,Altitude Works,197.99,138.94,1.11,15.03,9.60,8.14,STANDARD,1000,TRUE
C-CH-00577,EverPeak Performance Road Cycling Helmet LT 17,Cycling,Cycling Helmets,EverPeak,227.99,149.63,0.62,14.20,10.81,7.65,STANDARD,1000,TRUE
C-CH-00578,Summit Sports Competition Road Cycling Helmet GT 18,Cycling,Cycling Helmets,Summit Sports,94.99,55.89,0.58,14.02,9.59,8.22,STANDARD,1000,TRUE
C-CH-00579,Pulse Athletics Trail Road Cycling Helmet NX 19,Cycling,Cycling Helmets,Pulse Athletics,156.99,82.79,1.16,12.94,10.64,8.11,STANDARD,1000,TRUE
C-CH-00580,BlueWave Sports Competition Road Cycling Helmet XR 20,Cycling,Cycling Helmets,BlueWave Sports,135.99,83.90,1.26,14.37,10.56,7.51,STANDARD,1000,TRUE
C-CA-00581,TitanTrail Active Handlebar Bag LT,Cycling,Cycling Accessories,TitanTrail,118.99,77.29,0.56,12.76,8.86,6.23,STANDARD,1000,TRUE
C-CA-00582,Summit Sports Trail Bike Lock Edge,Cycling,Cycling Accessories,Summit Sports,81.99,43.63,2.83,10.54,7.08,3.74,STANDARD,1000,TRUE
C-CA-00583,Velocity Gear Classic Bike Light Set Edge,Cycling,Cycling Accessories,Velocity Gear,35.99,24.38,0.89,7.77,6.59,3.01,STANDARD,1000,TRUE
C-CA-00584,Vantage Sport Active Bike Light Set Max,Cycling,Cycling Accessories,Vantage Sport,104.99,58.04,0.28,7.66,5.36,3.09,STANDARD,1000,TRUE
C-CA-00585,CourtLine Essential Bike Light Set GT,Cycling,Cycling Accessories,CourtLine,135.99,95.34,0.98,8.92,5.43,3.27,STANDARD,1000,TRUE
C-CA-00586,Northstar Outdoor Elite Floor Pump Edge,Cycling,Cycling Accessories,Northstar Outdoor,85.99,54.85,4.12,27.70,7.21,6.40,STANDARD,1000,TRUE
C-CA-00587,BlueWave Sports Core Floor Pump LT,Cycling,Cycling Accessories,BlueWave Sports,45.99,27.12,4.98,28.46,8.65,6.00,STANDARD,1000,TRUE
C-CA-00588,StrikeZone Athletics Core Handlebar Bag GT,Cycling,Cycling Accessories,StrikeZone Athletics,71.99,48.71,1.53,11.32,7.50,6.17,STANDARD,1000,TRUE
C-CA-00589,Redwood Sporting Classic Floor Pump NX 9,Cycling,Cycling Accessories,Redwood Sporting,56.99,34.25,4.84,30.25,7.10,6.16,STANDARD,1000,TRUE
C-CA-00590,BlueWave Sports Trail Floor Pump Max 10,Cycling,Cycling Accessories,BlueWave Sports,41.99,24.64,3.33,26.13,7.50,5.96,STANDARD,1000,TRUE
C-CA-00591,StrikeZone Athletics Elite Handlebar Bag S 11,Cycling,Cycling Accessories,StrikeZone Athletics,80.99,44.57,1.72,12.42,8.72,7.58,STANDARD,1000,TRUE
C-CA-00592,Summit Sports Essential Bike Light Set GT 12,Cycling,Cycling Accessories,Summit Sports,54.99,36.07,0.71,8.01,5.52,3.21,STANDARD,1000,TRUE
C-CA-00593,TitanTrail Elite Floor Pump NX 13,Cycling,Cycling Accessories,TitanTrail,25.62,13.69,5.73,29.20,7.14,6.64,STANDARD,1000,TRUE
C-CA-00594,Northstar Outdoor Trail Bike Lock LT 14,Cycling,Cycling Accessories,Northstar Outdoor,121.99,71.01,2.08,9.76,6.21,4.01,STANDARD,1000,TRUE
C-CA-00595,FieldCraft Active Bike Lock GT 15,Cycling,Cycling Accessories,FieldCraft,47.99,31.06,3.69,8.99,7.09,3.73,STANDARD,1000,TRUE
C-CA-00596,PeakMotion Classic Floor Pump Max 16,Cycling,Cycling Accessories,PeakMotion,60.99,39.86,3.60,30.36,7.78,6.62,STANDARD,1000,TRUE
C-CA-00597,Northstar Outdoor Elite Bike Light Set LT 17,Cycling,Cycling Accessories,Northstar Outdoor,73.99,42.15,0.22,8.03,6.32,3.18,STANDARD,1000,TRUE
C-CA-00598,EverPeak Endurance Handlebar Bag X1 18,Cycling,Cycling Accessories,EverPeak,52.99,31.40,2.10,13.13,7.37,7.68,STANDARD,1000,TRUE
C-CA-00599,Altitude Works Active Handlebar Bag LT 19,Cycling,Cycling Accessories,Altitude Works,78.61,38.38,0.71,11.34,8.54,7.66,STANDARD,1000,TRUE
C-CA-00600,PeakMotion Pro Floor Pump X1 20,Cycling,Cycling Accessories,PeakMotion,52.99,31.89,5.28,30.22,7.45,6.23,STANDARD,1000,TRUE
C-BM-00601,PeakMotion Precision Chain Lubricant NX,Cycling,Bike Maintenance,PeakMotion,24.99,12.51,1.00,7.00,3.32,3.02,STANDARD,1000,TRUE
C-BM-00602,FieldCraft Endurance Repair Stand Edge,Cycling,Bike Maintenance,FieldCraft,174.99,88.94,32.89,42.65,9.19,8.21,LARGE,100,TRUE
C-BM-00603,Northstar Outdoor Trail Repair Stand XR,Cycling,Bike Maintenance,Northstar Outdoor,216.03,115.25,28.51,36.26,8.86,7.35,LARGE,100,TRUE
C-BM-00604,TitanTrail Trail Tubeless Repair Kit Edge,Cycling,Bike Maintenance,TitanTrail,49.99,33.49,0.58,8.73,4.97,2.69,STANDARD,1000,TRUE
C-BM-00605,CoreEdge Pro Tubeless Repair Kit X2,Cycling,Bike Maintenance,CoreEdge,52.99,25.50,0.54,8.30,5.03,3.09,STANDARD,1000,TRUE
C-BM-00606,Pulse Athletics Essential Repair Stand Edge,Cycling,Bike Maintenance,Pulse Athletics,106.99,55.93,14.55,40.81,9.78,7.74,LARGE,100,TRUE
C-BM-00607,Summit Sports Competition Repair Stand LT,Cycling,Bike Maintenance,Summit Sports,96.68,56.75,13.07,38.53,11.12,7.38,LARGE,100,TRUE
C-BM-00608,EverPeak Essential Tubeless Repair Kit NX,Cycling,Bike Maintenance,EverPeak,14.99,9.33,0.39,7.40,5.29,3.33,STANDARD,1000,TRUE
C-BM-00609,ForgeLine Active Chain Lubricant XR 9,Cycling,Bike Maintenance,ForgeLine,12.99,8.65,1.44,6.96,3.31,3.23,STANDARD,1000,TRUE
C-BM-00610,BlueWave Sports Competition Tubeless Repair Kit S 10,Cycling,Bike Maintenance,BlueWave Sports,38.99,21.35,0.83,7.84,4.44,2.79,STANDARD,1000,TRUE
C-BM-00611,IronPeak Fitness Precision Chain Lubricant S 11,Cycling,Bike Maintenance,IronPeak Fitness,12.99,7.78,1.07,6.48,2.64,3.29,STANDARD,1000,TRUE
C-BM-00612,BlueWave Sports Pro Chain Lubricant LT 12,Cycling,Bike Maintenance,BlueWave Sports,11.99,6.82,0.53,6.18,2.87,2.77,STANDARD,1000,TRUE
C-BM-00613,RidgeRunner Classic Bike Tool Kit Max 13,Cycling,Bike Maintenance,RidgeRunner,46.99,26.86,9.64,17.12,11.97,6.20,STANDARD,1000,TRUE
C-BM-00614,Vantage Sport Competition Tubeless Repair Kit Pro 14,Cycling,Bike Maintenance,Vantage Sport,33.99,18.14,0.79,7.43,5.34,2.93,STANDARD,1000,TRUE
C-BM-00615,IronPeak Fitness Premier Bike Tool Kit X1 15,Cycling,Bike Maintenance,IronPeak Fitness,114.99,55.35,4.48,15.05,11.82,6.07,STANDARD,1000,TRUE
C-BM-00616,Pulse Athletics Elite Chain Lubricant X1 16,Cycling,Bike Maintenance,Pulse Athletics,12.99,7.25,0.91,7.60,3.35,3.11,STANDARD,1000,TRUE
C-BM-00617,Altitude Works Competition Bike Tool Kit XR 17,Cycling,Bike Maintenance,Altitude Works,61.99,44.02,5.16,15.01,11.35,5.84,STANDARD,1000,TRUE
C-BM-00618,CourtLine Premier Tubeless Repair Kit Max 18,Cycling,Bike Maintenance,CourtLine,48.33,27.28,0.53,7.66,5.40,2.67,STANDARD,1000,TRUE
C-BM-00619,Northstar Outdoor Elite Repair Stand Max 19,Cycling,Bike Maintenance,Northstar Outdoor,168.99,82.71,13.03,40.39,10.44,8.84,LARGE,100,TRUE
C-BM-00620,TitanTrail Elite Bike Tool Kit Pro 20,Cycling,Bike Maintenance,TitanTrail,123.99,73.40,4.55,15.16,12.11,6.25,STANDARD,1000,TRUE
WS-K-00621,BlueWave Sports Trail Kayak Paddle XR,Water Sports,Kayaking,BlueWave Sports,181.99,95.81,3.82,53.28,8.91,3.56,LARGE,100,TRUE
WS-K-00622,Redwood Sporting Classic Kayak Cart GT,Water Sports,Kayaking,Redwood Sporting,98.36,68.41,10.70,27.60,18.51,8.11,LARGE,100,TRUE
WS-K-00623,ForgeLine Endurance Recreational Kayak Max,Water Sports,Kayaking,ForgeLine,371.99,196.21,72.47,113.27,28.82,15.05,OVERSIZED,20,TRUE
WS-K-00624,PeakMotion Precision Recreational Kayak NX,Water Sports,Kayaking,PeakMotion,893.99,625.12,74.64,126.72,28.41,17.68,OVERSIZED,20,TRUE
WS-K-00625,FieldCraft Precision Kayak Paddle Edge,Water Sports,Kayaking,FieldCraft,154.99,94.48,3.03,49.96,8.24,4.17,LARGE,100,TRUE
WS-K-00626,TitanTrail Premier Kayak Seat NX,Water Sports,Kayaking,TitanTrail,81.99,58.92,4.38,24.53,17.79,6.49,STANDARD,1000,TRUE
WS-K-00627,Summit Sports Pro Kayak Cart XR,Water Sports,Kayaking,Summit Sports,143.99,99.49,15.39,27.30,18.50,7.66,LARGE,100,TRUE
WS-K-00628,ForgeLine Premier Recreational Kayak XR,Water Sports,Kayaking,ForgeLine,1151.99,792.52,76.59,130.47,35.47,17.62,OVERSIZED,20,TRUE
WS-K-00629,CourtLine Precision Recreational Kayak NX 9,Water Sports,Kayaking,CourtLine,1000.59,596.27,72.60,121.93,35.57,15.21,OVERSIZED,20,TRUE
WS-K-00630,EverPeak Classic Kayak Seat LT 10,Water Sports,Kayaking,EverPeak,55.99,36.22,3.78,23.52,19.01,6.30,STANDARD,1000,TRUE
WS-K-00631,Vantage Sport Premier Kayak Seat X2 11,Water Sports,Kayaking,Vantage Sport,85.61,48.89,6.94,20.69,18.29,6.24,STANDARD,1000,TRUE
WS-K-00632,BlueWave Sports Essential Kayak Seat Edge 12,Water Sports,Kayaking,BlueWave Sports,105.99,55.88,6.34,20.89,20.09,6.05,STANDARD,1000,TRUE
WS-K-00633,Altitude Works Endurance Kayak Paddle X1 13,Water Sports,Kayaking,Altitude Works,85.89,58.05,4.10,58.89,7.84,3.74,LARGE,100,TRUE
WS-K-00634,Summit Sports Classic Kayak Seat X2 14,Water Sports,Kayaking,Summit Sports,58.99,36.29,4.25,20.86,19.92,6.34,STANDARD,1000,TRUE
WS-K-00635,Velocity Gear Precision Recreational Kayak S 15,Water Sports,Kayaking,Velocity Gear,1065.62,598.25,74.49,121.63,35.43,17.42,OVERSIZED,20,TRUE
WS-K-00636,TrailForge Classic Kayak Paddle X1 16,Water Sports,Kayaking,TrailForge,70.99,47.86,2.85,52.05,8.89,3.80,LARGE,100,TRUE
WS-K-00637,Velocity Gear Elite Kayak Paddle Max 17,Water Sports,Kayaking,Velocity Gear,199.99,113.98,2.05,50.69,7.71,3.77,LARGE,100,TRUE
WS-K-00638,FieldCraft Active Recreational Kayak NX 18,Water Sports,Kayaking,FieldCraft,1256.99,846.23,76.73,109.69,32.68,14.37,OVERSIZED,20,TRUE
WS-K-00639,TitanTrail Active Recreational Kayak LT 19,Water Sports,Kayaking,TitanTrail,675.95,338.48,55.72,115.33,28.58,16.89,OVERSIZED,20,TRUE
WS-P-00640,BlueWave Sports Active Inflatable Paddleboard Edge,Water Sports,Paddleboarding,BlueWave Sports,469.99,304.02,32.12,35.27,18.95,14.41,LARGE,100,TRUE
WS-P-00641,Summit Sports Core Rigid Paddleboard LT,Water Sports,Paddleboarding,Summit Sports,1687.58,858.68,29.65,111.08,33.39,5.70,OVERSIZED,20,TRUE
WS-P-00642,BlueWave Sports Pro Rigid Paddleboard Pro,Water Sports,Paddleboarding,BlueWave Sports,1219.99,806.12,40.59,129.43,30.25,5.67,OVERSIZED,20,TRUE
WS-P-00643,Velocity Gear Active Inflatable Paddleboard GT,Water Sports,Paddleboarding,Velocity Gear,556.99,317.03,28.41,36.27,19.58,15.13,LARGE,100,TRUE
WS-P-00644,PeakMotion Trail SUP Pump X1,Water Sports,Paddleboarding,PeakMotion,90.49,61.44,2.15,24.48,7.64,5.46,STANDARD,1000,TRUE
WS-P-00645,Vantage Sport Classic SUP Pump NX,Water Sports,Paddleboarding,Vantage Sport,58.99,29.11,4.31,26.54,8.62,5.98,STANDARD,1000,TRUE
WS-P-00646,PeakMotion Essential SUP Paddle Pro,Water Sports,Paddleboarding,PeakMotion,233.99,124.52,3.70,49.08,8.52,3.58,LARGE,100,TRUE
WS-P-00647,Pulse Athletics Core Inflatable Paddleboard Pro,Water Sports,Paddleboarding,Pulse Athletics,702.99,387.17,25.74,32.33,17.84,13.09,LARGE,100,TRUE
WS-P-00648,ForgeLine Active SUP Pump X1 9,Water Sports,Paddleboarding,ForgeLine,30.99,18.03,3.49,24.51,8.59,5.66,STANDARD,1000,TRUE
WS-P-00649,PeakMotion Essential SUP Pump NX 10,Water Sports,Paddleboarding,PeakMotion,85.99,48.63,3.71,22.69,7.79,5.37,STANDARD,1000,TRUE
WS-P-00650,Altitude Works Precision Inflatable Paddleboard Max 11,Water Sports,Paddleboarding,Altitude Works,856.99,593.26,25.27,32.05,18.01,14.22,LARGE,100,TRUE
WS-P-00651,Apex Athletics Classic SUP Pump X2 12,Water Sports,Paddleboarding,Apex Athletics,82.99,45.10,2.06,26.03,8.84,5.90,STANDARD,1000,TRUE
WS-P-00652,TitanTrail Premier Inflatable Paddleboard X1 13,Water Sports,Paddleboarding,TitanTrail,579.99,293.64,20.14,40.19,16.30,12.82,LARGE,100,TRUE
WS-P-00653,Pulse Athletics Pro Rigid Paddleboard Max 14,Water Sports,Paddleboarding,Pulse Athletics,1555.99,840.89,37.95,111.45,28.85,6.64,OVERSIZED,20,TRUE
WS-P-00654,CourtLine Trail Inflatable Paddleboard XR 15,Water Sports,Paddleboarding,CourtLine,610.99,437.83,23.08,36.90,19.28,12.66,LARGE,100,TRUE
WS-P-00655,TitanTrail Classic Rigid Paddleboard LT 16,Water Sports,Paddleboarding,TitanTrail,975.99,524.35,43.73,134.05,28.19,5.75,OVERSIZED,20,TRUE
WS-P-00656,CourtLine Premier SUP Paddle NX 17,Water Sports,Paddleboarding,CourtLine,69.93,47.11,1.94,59.71,7.24,4.39,LARGE,100,TRUE
WS-P-00657,EverPeak Premier SUP Paddle GT 18,Water Sports,Paddleboarding,EverPeak,77.99,38.33,1.77,50.62,7.92,3.73,LARGE,100,TRUE
WS-P-00658,TitanTrail Essential Rigid Paddleboard GT 19,Water Sports,Paddleboarding,TitanTrail,1609.99,1115.60,44.09,130.25,29.36,6.05,OVERSIZED,20,TRUE
WS-S-00659,Northstar Outdoor Core Kickboard XR,Water Sports,Swimming,Northstar Outdoor,28.99,18.14,1.10,16.57,11.55,3.35,STANDARD,1000,TRUE
WS-S-00660,BlueWave Sports Active Pull Buoy Pro,Water Sports,Swimming,BlueWave Sports,34.99,18.28,0.54,9.52,6.19,5.10,STANDARD,1000,TRUE
WS-S-00661,Apex Athletics Premier Competition Goggles Pro,Water Sports,Swimming,Apex Athletics,47.99,26.59,0.16,7.55,3.84,2.86,STANDARD,1000,TRUE
WS-S-00662,BlueWave Sports Essential Pull Buoy LT,Water Sports,Swimming,BlueWave Sports,35.99,17.83,0.67,8.97,5.30,4.82,STANDARD,1000,TRUE
WS-S-00663,BlueWave Sports Performance Competition Goggles X1,Water Sports,Swimming,BlueWave Sports,38.99,20.52,0.33,7.33,3.74,3.02,STANDARD,1000,TRUE
WS-S-00664,IronPeak Fitness Active Competition Goggles Pro,Water Sports,Swimming,IronPeak Fitness,49.99,26.43,0.43,7.30,3.68,2.68,STANDARD,1000,TRUE
WS-S-00665,Vantage Sport Classic Pull Buoy X2,Water Sports,Swimming,Vantage Sport,20.99,11.58,0.30,9.36,6.52,5.34,STANDARD,1000,TRUE
WS-S-00666,CourtLine Active Kickboard X2,Water Sports,Swimming,CourtLine,22.99,12.26,1.06,15.92,12.25,3.16,STANDARD,1000,TRUE
WS-S-00667,EverPeak Performance Swim Fins Max 9,Water Sports,Swimming,EverPeak,68.99,47.00,2.00,18.19,9.65,5.53,STANDARD,1000,TRUE
WS-S-00668,CourtLine Pro Competition Goggles GT 10,Water Sports,Swimming,CourtLine,32.99,17.01,0.35,6.38,4.16,3.29,STANDARD,1000,TRUE
WS-S-00669,BlueWave Sports Essential Pull Buoy S 11,Water Sports,Swimming,BlueWave Sports,24.99,13.83,0.73,9.35,6.13,5.60,STANDARD,1000,TRUE
WS-S-00670,Summit Sports Classic Kickboard Edge 12,Water Sports,Swimming,Summit Sports,46.99,27.46,1.45,16.35,12.41,2.74,STANDARD,1000,TRUE
WS-S-00671,Vantage Sport Competition Competition Goggles XR 13,Water Sports,Swimming,Vantage Sport,52.99,35.06,0.38,6.46,4.14,3.02,STANDARD,1000,TRUE
WS-S-00672,EverPeak Core Kickboard XR 14,Water Sports,Swimming,EverPeak,27.99,15.39,1.76,18.98,12.44,3.17,STANDARD,1000,TRUE
WS-S-00673,CourtLine Trail Kickboard X2 15,Water Sports,Swimming,CourtLine,22.99,15.39,1.03,19.57,13.01,2.89,STANDARD,1000,TRUE
WS-S-00674,Pulse Athletics Pro Pull Buoy LT 16,Water Sports,Swimming,Pulse Athletics,38.99,22.02,0.90,8.80,5.89,5.23,STANDARD,1000,TRUE
WS-S-00675,TrailForge Precision Swim Fins X1 17,Water Sports,Swimming,TrailForge,81.99,55.53,1.46,19.72,9.49,4.95,STANDARD,1000,TRUE
WS-S-00676,CoreEdge Premier Swim Fins X2 18,Water Sports,Swimming,CoreEdge,45.99,30.70,3.56,18.63,8.71,4.41,STANDARD,1000,TRUE
WS-S-00677,RidgeRunner Competition Competition Goggles NX 19,Water Sports,Swimming,RidgeRunner,31.99,16.11,0.38,6.17,3.55,2.94,STANDARD,1000,TRUE
WS-S-00678,CourtLine Precision Bodyboard GT,Water Sports,Surfing,CourtLine,154.99,74.54,2.88,46.09,24.19,4.20,LARGE,100,TRUE
WS-S-00679,BlueWave Sports Premier Surfboard Leash Pro,Water Sports,Surfing,BlueWave Sports,57.99,30.95,0.30,8.02,5.48,3.21,STANDARD,1000,TRUE
WS-S-00680,CourtLine Premier Surfboard LT,Water Sports,Surfing,CourtLine,1076.99,606.71,7.81,83.49,24.53,4.45,OVERSIZED,20,TRUE
WS-S-00681,ForgeLine Pro Surfboard NX,Water Sports,Surfing,ForgeLine,640.99,417.53,9.02,88.23,24.32,4.56,OVERSIZED,20,TRUE
WS-S-00682,TitanTrail Trail Surfboard XR,Water Sports,Surfing,TitanTrail,750.99,437.58,10.01,79.30,23.53,4.82,OVERSIZED,20,TRUE
WS-S-00683,Northstar Outdoor Classic Bodyboard NX,Water Sports,Surfing,Northstar Outdoor,240.99,137.11,3.94,41.17,23.23,3.76,LARGE,100,TRUE
WS-S-00684,TitanTrail Core Bodyboard Edge,Water Sports,Surfing,TitanTrail,172.99,103.81,3.74,44.65,22.46,4.35,LARGE,100,TRUE
WS-S-00685,Northstar Outdoor Classic Surfboard Leash GT,Water Sports,Surfing,Northstar Outdoor,68.99,42.28,0.99,9.92,5.90,2.77,STANDARD,1000,TRUE
WS-S-00686,Northstar Outdoor Pro Bodyboard NX 9,Water Sports,Surfing,Northstar Outdoor,142.99,82.59,4.12,38.36,23.78,3.91,LARGE,100,TRUE
WS-S-00687,IronPeak Fitness Endurance Surfboard Leash X1 10,Water Sports,Surfing,IronPeak Fitness,41.99,27.99,0.70,7.93,6.17,3.00,STANDARD,1000,TRUE
WS-S-00688,Vantage Sport Precision Surfboard Edge 11,Water Sports,Surfing,Vantage Sport,1271.99,700.59,9.88,84.22,24.97,5.34,OVERSIZED,20,TRUE
WS-S-00689,Altitude Works Classic Surfboard Bag GT 12,Water Sports,Surfing,Altitude Works,209.72,134.19,6.54,80.93,26.95,5.91,LARGE,100,TRUE
WS-S-00690,Northstar Outdoor Endurance Bodyboard Pro 13,Water Sports,Surfing,Northstar Outdoor,243.99,164.56,2.61,41.47,21.53,4.17,LARGE,100,TRUE
WS-S-00691,CoreEdge Trail Surfboard Leash Max 14,Water Sports,Surfing,CoreEdge,67.99,46.50,0.91,8.44,5.57,2.69,STANDARD,1000,TRUE
WS-S-00692,ForgeLine Active Bodyboard Max 15,Water Sports,Surfing,ForgeLine,170.99,108.15,4.13,45.73,20.35,3.55,LARGE,100,TRUE
WS-S-00693,Redwood Sporting Performance Bodyboard X1 16,Water Sports,Surfing,Redwood Sporting,155.99,103.68,3.29,39.32,21.38,4.41,LARGE,100,TRUE
WS-S-00694,Pulse Athletics Essential Bodyboard S 17,Water Sports,Surfing,Pulse Athletics,145.99,91.70,3.06,41.14,20.65,4.10,LARGE,100,TRUE
WS-S-00695,EverPeak Classic Surfboard XR 18,Water Sports,Surfing,EverPeak,998.99,645.88,9.83,77.36,23.97,5.40,OVERSIZED,20,TRUE
WS-S-00696,Apex Athletics Premier Surfboard LT 19,Water Sports,Surfing,Apex Athletics,843.99,592.15,6.94,93.28,23.17,4.92,OVERSIZED,20,TRUE
WS-WSA-00697,Altitude Works Premier Waterproof Phone Case Max,Water Sports,Water Sports Accessories,Altitude Works,17.99,10.45,0.15,8.58,5.00,1.77,STANDARD,1000,TRUE
WS-WSA-00698,Altitude Works Premier Dry Bag Pro,Water Sports,Water Sports Accessories,Altitude Works,34.84,16.98,2.46,17.42,8.84,5.64,STANDARD,1000,TRUE
WS-WSA-00699,Northstar Outdoor Precision Dry Bag Edge,Water Sports,Water Sports Accessories,Northstar Outdoor,50.99,27.10,1.14,18.46,9.99,5.50,STANDARD,1000,TRUE
WS-WSA-00700,ForgeLine Endurance Waterproof Phone Case Pro,Water Sports,Water Sports Accessories,ForgeLine,18.99,9.61,0.14,8.60,4.68,2.23,STANDARD,1000,TRUE
WS-WSA-00701,Summit Sports Premier Life Vest GT,Water Sports,Water Sports Accessories,Summit Sports,129.99,68.07,1.51,16.48,15.69,5.63,STANDARD,1000,TRUE
WS-WSA-00702,Pulse Athletics Premier Life Vest Pro,Water Sports,Water Sports Accessories,Pulse Athletics,71.83,37.37,1.34,19.22,14.87,6.24,STANDARD,1000,TRUE
WS-WSA-00703,Summit Sports Essential Waterproof Phone Case LT 7,Water Sports,Water Sports Accessories,Summit Sports,25.31,17.84,0.26,8.88,5.54,1.81,STANDARD,1000,TRUE
WS-WSA-00704,Redwood Sporting Precision Life Vest S 8,Water Sports,Water Sports Accessories,Redwood Sporting,137.99,99.08,3.74,18.02,16.29,5.81,STANDARD,1000,TRUE
WS-WSA-00705,Altitude Works Essential Life Vest LT 9,Water Sports,Water Sports Accessories,Altitude Works,39.99,27.43,1.46,20.05,16.62,6.15,STANDARD,1000,TRUE
WS-WSA-00706,Velocity Gear Elite Waterproof Phone Case X1 10,Water Sports,Water Sports Accessories,Velocity Gear,22.38,14.33,0.42,7.55,5.41,2.18,STANDARD,1000,TRUE
WS-WSA-00707,Pulse Athletics Endurance Life Vest S 11,Water Sports,Water Sports Accessories,Pulse Athletics,111.93,71.84,1.53,19.54,13.84,5.72,STANDARD,1000,TRUE
WS-WSA-00708,RidgeRunner Classic Waterproof Phone Case NX 12,Water Sports,Water Sports Accessories,RidgeRunner,32.99,16.40,0.36,7.35,4.74,1.77,STANDARD,1000,TRUE
WS-WSA-00709,EverPeak Elite Life Vest Pro 13,Water Sports,Water Sports Accessories,EverPeak,91.99,55.34,1.63,16.77,14.70,6.11,STANDARD,1000,TRUE
WS-WSA-00710,BlueWave Sports Elite Dry Bag Edge 14,Water Sports,Water Sports Accessories,BlueWave Sports,23.99,11.70,2.49,16.10,9.59,5.74,STANDARD,1000,TRUE
WS-WSA-00711,Vantage Sport Classic Life Vest Pro 15,Water Sports,Water Sports Accessories,Vantage Sport,68.99,40.59,1.59,20.14,13.38,6.16,STANDARD,1000,TRUE
WS-WSA-00712,Summit Sports Performance Waterproof Phone Case X2 16,Water Sports,Water Sports Accessories,Summit Sports,37.20,23.46,0.43,7.50,5.22,2.02,STANDARD,1000,TRUE
WS-WSA-00713,TrailForge Active Dry Bag GT 17,Water Sports,Water Sports Accessories,TrailForge,31.99,18.68,2.61,16.37,9.34,5.42,STANDARD,1000,TRUE
WS-WSA-00714,Apex Athletics Pro Waterproof Phone Case X2 18,Water Sports,Water Sports Accessories,Apex Athletics,13.99,9.64,0.37,7.85,4.46,2.15,STANDARD,1000,TRUE
WS-WSA-00715,Vantage Sport Active Dry Bag Pro 19,Water Sports,Water Sports Accessories,Vantage Sport,95.99,61.08,2.27,19.21,8.98,6.37,STANDARD,1000,TRUE
WS-S-00716,FieldCraft Classic Ski Bag S,Winter Sports,Skiing,FieldCraft,126.99,71.08,3.39,64.67,10.83,8.72,LARGE,100,TRUE
WS-S-00717,Apex Athletics Elite Ski Poles Pro,Winter Sports,Skiing,Apex Athletics,88.99,50.38,2.37,51.12,5.04,4.29,LARGE,100,TRUE
WS-S-00718,ForgeLine Premier Alpine Ski Pair X1,Winter Sports,Skiing,ForgeLine,1034.00,561.38,7.69,65.76,8.43,6.62,OVERSIZED,20,TRUE
WS-S-00719,Apex Athletics Core Alpine Ski Pair Max,Winter Sports,Skiing,Apex Athletics,561.99,278.87,7.04,68.03,8.03,6.51,OVERSIZED,20,TRUE
WS-S-00720,Vantage Sport Active Ski Poles X2,Winter Sports,Skiing,Vantage Sport,69.99,47.09,1.90,48.81,4.60,3.81,LARGE,100,TRUE
WS-S-00721,RidgeRunner Premier Ski Boots Max,Winter Sports,Skiing,RidgeRunner,328.99,214.51,9.90,15.03,13.98,8.59,STANDARD,1000,TRUE
WS-S-00722,Northstar Outdoor Performance Alpine Ski Pair X1,Winter Sports,Skiing,Northstar Outdoor,868.70,446.17,12.61,69.59,7.80,6.50,OVERSIZED,20,TRUE
WS-S-00723,TitanTrail Pro Ski Bag GT,Winter Sports,Skiing,TitanTrail,50.99,25.59,3.14,68.92,11.77,7.19,LARGE,100,TRUE
WS-S-00724,TrailForge Competition Alpine Ski Pair Max 9,Winter Sports,Skiing,TrailForge,535.99,325.35,12.62,80.02,7.51,5.76,OVERSIZED,20,TRUE
WS-S-00725,CourtLine Core Alpine Ski Pair S 10,Winter Sports,Skiing,CourtLine,958.99,580.28,7.20,76.58,8.40,6.19,OVERSIZED,20,TRUE
WS-S-00726,Pulse Athletics Trail Ski Bag X2 11,Winter Sports,Skiing,Pulse Athletics,104.99,71.34,3.77,64.36,13.36,7.60,LARGE,100,TRUE
WS-S-00727,Apex Athletics Performance Ski Bag Max 12,Winter Sports,Skiing,Apex Athletics,150.99,99.04,4.04,74.37,12.72,7.38,LARGE,100,TRUE
WS-S-00728,CourtLine Elite Ski Poles XR 13,Winter Sports,Skiing,CourtLine,98.99,68.44,2.14,47.31,4.91,4.30,LARGE,100,TRUE
WS-S-00729,Velocity Gear Elite Ski Bag X1 14,Winter Sports,Skiing,Velocity Gear,143.99,102.39,5.00,67.41,11.84,7.42,LARGE,100,TRUE
WS-S-00730,Northstar Outdoor Precision Ski Bag S 15,Winter Sports,Skiing,Northstar Outdoor,188.99,135.55,4.67,71.53,11.32,8.85,LARGE,100,TRUE
WS-S-00731,Summit Sports Competition Ski Poles Pro 16,Winter Sports,Skiing,Summit Sports,108.99,54.99,1.50,46.89,5.13,3.86,LARGE,100,TRUE
WS-S-00732,FieldCraft Active Ski Poles XR 17,Winter Sports,Skiing,FieldCraft,183.99,111.11,1.34,42.97,5.20,4.41,LARGE,100,TRUE
WS-S-00733,RidgeRunner Premier Alpine Ski Pair Edge 18,Winter Sports,Skiing,RidgeRunner,468.99,261.91,7.35,66.67,7.38,5.39,OVERSIZED,20,TRUE
WS-S-00734,Pulse Athletics Core Ski Poles S 19,Winter Sports,Skiing,Pulse Athletics,41.99,29.57,2.35,43.88,5.44,4.25,LARGE,100,TRUE
WS-S-00735,CourtLine Essential Snowboard Bindings Edge,Winter Sports,Snowboarding,CourtLine,128.99,91.72,6.19,15.54,11.97,8.12,STANDARD,1000,TRUE
WS-S-00736,Vantage Sport Active Snowboard S,Winter Sports,Snowboarding,Vantage Sport,705.99,406.69,6.94,65.39,13.19,5.05,OVERSIZED,20,TRUE
WS-S-00737,Summit Sports Performance Snowboard Bag NX,Winter Sports,Snowboarding,Summit Sports,161.99,95.23,2.63,68.43,14.96,7.98,LARGE,100,TRUE
WS-S-00738,ForgeLine Active Snowboard Bindings X2,Winter Sports,Snowboarding,ForgeLine,220.99,150.67,3.96,15.63,11.47,7.93,STANDARD,1000,TRUE
WS-S-00739,TrailForge Essential Snowboard Boots X1,Winter Sports,Snowboarding,TrailForge,304.99,158.28,6.19,14.98,13.78,7.11,STANDARD,1000,TRUE
WS-S-00740,Altitude Works Active Snowboard NX,Winter Sports,Snowboarding,Altitude Works,765.81,393.42,8.26,58.40,11.79,5.10,OVERSIZED,20,TRUE
WS-S-00741,FieldCraft Precision Snowboard Pro,Winter Sports,Snowboarding,FieldCraft,677.11,459.60,10.62,61.43,13.30,4.55,OVERSIZED,20,TRUE
WS-S-00742,Altitude Works Premier Snowboard Pro,Winter Sports,Snowboarding,Altitude Works,352.99,179.02,6.04,63.54,13.08,5.13,OVERSIZED,20,TRUE
WS-S-00743,RidgeRunner Performance Snowboard Bag X2 9,Winter Sports,Snowboarding,RidgeRunner,118.99,63.98,2.92,64.52,12.46,8.91,LARGE,100,TRUE
WS-S-00744,FieldCraft Core Snowboard Boots LT 10,Winter Sports,Snowboarding,FieldCraft,274.99,183.94,9.85,17.26,12.43,8.49,STANDARD,1000,TRUE
WS-S-00745,Summit Sports Essential Snowboard Bindings Pro 11,Winter Sports,Snowboarding,Summit Sports,308.99,158.10,3.25,17.49,12.50,7.42,STANDARD,1000,TRUE
WS-S-00746,StrikeZone Athletics Elite Snowboard Boots X1 12,Winter Sports,Snowboarding,StrikeZone Athletics,432.99,213.46,7.57,17.67,14.95,7.48,STANDARD,1000,TRUE
WS-S-00747,EverPeak Essential Snowboard Bag S 13,Winter Sports,Snowboarding,EverPeak,99.99,51.08,5.32,63.17,12.58,8.65,LARGE,100,TRUE
WS-S-00748,Apex Athletics Precision Snowboard Bag X1 14,Winter Sports,Snowboarding,Apex Athletics,147.99,81.48,3.45,73.95,15.36,8.20,LARGE,100,TRUE
WS-S-00749,FieldCraft Precision Snowboard XR 15,Winter Sports,Snowboarding,FieldCraft,500.99,341.24,10.83,61.72,12.22,4.65,OVERSIZED,20,TRUE
WS-S-00750,CoreEdge Elite Snowboard Boots X1 16,Winter Sports,Snowboarding,CoreEdge,171.99,119.06,6.51,16.82,13.15,8.48,STANDARD,1000,TRUE
WS-S-00751,TrailForge Active Snowboard Boots LT 17,Winter Sports,Snowboarding,TrailForge,497.13,249.63,9.62,16.42,12.34,7.63,STANDARD,1000,TRUE
WS-S-00752,Apex Athletics Elite Snowboard Bindings S 18,Winter Sports,Snowboarding,Apex Athletics,263.49,182.06,6.62,15.17,12.44,7.44,STANDARD,1000,TRUE
WS-S-00753,PeakMotion Competition Snowboard Boots Edge 19,Winter Sports,Snowboarding,PeakMotion,460.99,315.16,6.27,15.83,12.67,8.23,STANDARD,1000,TRUE
WS-IS-00754,Altitude Works Classic Figure Skates Edge,Winter Sports,Ice Skating,Altitude Works,341.35,177.52,6.32,16.61,10.62,5.93,STANDARD,1000,TRUE
WS-IS-00755,Northstar Outdoor Performance Figure Skates X1,Winter Sports,Ice Skating,Northstar Outdoor,88.99,49.91,5.23,15.66,11.99,5.84,STANDARD,1000,TRUE
WS-IS-00756,TrailForge Endurance Skate Guards NX,Winter Sports,Ice Skating,TrailForge,28.34,15.50,0.46,10.64,4.42,2.86,STANDARD,1000,TRUE
WS-IS-00757,Northstar Outdoor Performance Figure Skates Max,Winter Sports,Ice Skating,Northstar Outdoor,267.99,174.32,4.70,17.46,10.93,5.68,STANDARD,1000,TRUE
WS-IS-00758,Pulse Athletics Competition Figure Skates Edge,Winter Sports,Ice Skating,Pulse Athletics,226.99,140.06,3.97,17.68,10.99,5.36,STANDARD,1000,TRUE
WS-IS-00759,Northstar Outdoor Precision Skate Guards LT,Winter Sports,Ice Skating,Northstar Outdoor,22.04,15.59,0.82,12.36,4.30,2.82,STANDARD,1000,TRUE
WS-IS-00760,PeakMotion Pro Figure Skates X2 7,Winter Sports,Ice Skating,PeakMotion,369.99,185.88,6.51,16.31,12.36,6.58,STANDARD,1000,TRUE
WS-IS-00761,ForgeLine Endurance Hockey Skates XR 8,Winter Sports,Ice Skating,ForgeLine,257.99,180.80,4.42,15.84,13.16,6.31,STANDARD,1000,TRUE
WS-IS-00762,Velocity Gear Essential Hockey Skates NX 9,Winter Sports,Ice Skating,Velocity Gear,585.99,408.83,5.08,15.16,11.24,6.51,STANDARD,1000,TRUE
WS-IS-00763,RidgeRunner Performance Hockey Skates S 10,Winter Sports,Ice Skating,RidgeRunner,178.99,119.03,6.26,14.53,11.14,5.51,STANDARD,1000,TRUE
WS-IS-00764,CourtLine Endurance Skate Guards Pro 11,Winter Sports,Ice Skating,CourtLine,23.99,11.90,0.51,12.94,3.67,2.98,STANDARD,1000,TRUE
WS-IS-00765,Vantage Sport Classic Figure Skates NX 12,Winter Sports,Ice Skating,Vantage Sport,78.99,39.23,4.02,17.19,11.23,6.46,STANDARD,1000,TRUE
WS-IS-00766,Velocity Gear Classic Figure Skates GT 13,Winter Sports,Ice Skating,Velocity Gear,165.25,117.69,3.21,15.08,11.86,5.94,STANDARD,1000,TRUE
WS-IS-00767,PeakMotion Premier Figure Skates Pro 14,Winter Sports,Ice Skating,PeakMotion,96.99,51.21,4.39,15.91,13.10,5.70,STANDARD,1000,TRUE
WS-IS-00768,Summit Sports Elite Figure Skates GT 15,Winter Sports,Ice Skating,Summit Sports,219.99,153.98,5.73,16.12,10.88,6.58,STANDARD,1000,TRUE
WS-IS-00769,Northstar Outdoor Trail Hockey Skates NX 16,Winter Sports,Ice Skating,Northstar Outdoor,511.99,278.21,3.98,17.23,12.77,5.62,STANDARD,1000,TRUE
WS-IS-00770,RidgeRunner Core Skate Guards NX 17,Winter Sports,Ice Skating,RidgeRunner,21.99,15.62,0.34,11.71,3.62,3.18,STANDARD,1000,TRUE
WS-IS-00771,TitanTrail Trail Hockey Skates XR 18,Winter Sports,Ice Skating,TitanTrail,264.99,148.99,4.10,14.45,12.06,6.02,STANDARD,1000,TRUE
WS-IS-00772,Pulse Athletics Performance Hockey Skates S 19,Winter Sports,Ice Skating,Pulse Athletics,415.80,226.71,3.95,16.31,11.19,5.75,STANDARD,1000,TRUE
WS-S-00773,Vantage Sport Precision Snow Tube XR,Winter Sports,Sledding,Vantage Sport,26.81,15.50,2.96,23.05,16.98,8.33,STANDARD,1000,TRUE
WS-S-00774,CourtLine Active Toboggan XR,Winter Sports,Sledding,CourtLine,272.43,164.17,20.85,75.42,19.29,7.56,OVERSIZED,20,TRUE
WS-S-00775,RidgeRunner Elite Snow Sled X2,Winter Sports,Sledding,RidgeRunner,29.99,17.41,7.69,44.72,19.70,6.37,LARGE,100,TRUE
WS-S-00776,CoreEdge Pro Snow Sled NX,Winter Sports,Sledding,CoreEdge,82.99,51.00,9.80,43.08,20.57,6.26,LARGE,100,TRUE
WS-S-00777,StrikeZone Athletics Competition Snow Tube XR,Winter Sports,Sledding,StrikeZone Athletics,68.99,47.80,7.08,22.11,16.44,7.22,STANDARD,1000,TRUE
WS-S-00778,Redwood Sporting Active Toboggan GT,Winter Sports,Sledding,Redwood Sporting,279.99,175.33,23.91,80.57,21.86,7.04,OVERSIZED,20,TRUE
WS-S-00779,TrailForge Trail Snow Tube NX 7,Winter Sports,Sledding,TrailForge,76.99,47.35,7.09,25.03,18.83,7.97,STANDARD,1000,TRUE
WS-S-00780,FieldCraft Core Snow Tube XR 8,Winter Sports,Sledding,FieldCraft,83.99,58.15,4.64,21.88,18.42,8.54,STANDARD,1000,TRUE
WS-S-00781,IronPeak Fitness Trail Toboggan LT 9,Winter Sports,Sledding,IronPeak Fitness,232.99,129.20,29.91,66.37,18.34,8.67,OVERSIZED,20,TRUE
WS-S-00782,Altitude Works Premier Snow Sled NX 10,Winter Sports,Sledding,Altitude Works,101.99,59.23,3.32,42.91,21.12,6.42,LARGE,100,TRUE
WS-S-00783,CourtLine Pro Snow Sled S 11,Winter Sports,Sledding,CourtLine,86.99,52.57,10.75,43.98,20.60,5.68,LARGE,100,TRUE
WS-S-00784,IronPeak Fitness Endurance Toboggan Edge 12,Winter Sports,Sledding,IronPeak Fitness,159.68,80.01,25.73,79.21,18.70,8.13,OVERSIZED,20,TRUE
WS-S-00785,Summit Sports Essential Toboggan X2 13,Winter Sports,Sledding,Summit Sports,148.99,94.35,21.13,74.05,20.04,8.57,OVERSIZED,20,TRUE
WS-S-00786,StrikeZone Athletics Competition Snow Sled X1 14,Winter Sports,Sledding,StrikeZone Athletics,114.99,82.67,4.71,38.46,19.86,6.03,LARGE,100,TRUE
WS-S-00787,CoreEdge Precision Snow Sled LT 15,Winter Sports,Sledding,CoreEdge,92.99,50.99,6.84,41.47,19.32,5.56,LARGE,100,TRUE
WS-S-00788,RidgeRunner Pro Snow Tube GT 16,Winter Sports,Sledding,RidgeRunner,73.99,46.83,6.57,23.22,17.88,7.85,STANDARD,1000,TRUE
WS-S-00789,TrailForge Pro Snow Tube GT 17,Winter Sports,Sledding,TrailForge,70.99,44.79,7.41,24.30,15.97,8.35,STANDARD,1000,TRUE
WS-S-00790,CourtLine Classic Toboggan X1 18,Winter Sports,Sledding,CourtLine,208.99,141.63,27.03,78.29,19.05,7.77,OVERSIZED,20,TRUE
WS-S-00791,RidgeRunner Trail Snow Sled Max 19,Winter Sports,Sledding,RidgeRunner,107.99,59.70,3.49,39.01,18.86,5.49,LARGE,100,TRUE
WS-WSA-00792,Altitude Works Active Ski Goggles XR,Winter Sports,Winter Sports Accessories,Altitude Works,185.99,117.54,0.89,8.63,7.36,4.64,STANDARD,1000,TRUE
WS-WSA-00793,StrikeZone Athletics Active Ski Goggles Edge,Winter Sports,Winter Sports Accessories,StrikeZone Athletics,80.99,40.35,0.67,8.35,6.57,5.40,STANDARD,1000,TRUE
WS-WSA-00794,CourtLine Endurance Hand Warmers Pack LT,Winter Sports,Winter Sports Accessories,CourtLine,21.58,13.99,1.06,8.20,5.23,4.07,STANDARD,1000,TRUE
WS-WSA-00795,Altitude Works Elite Ski Goggles NX,Winter Sports,Winter Sports Accessories,Altitude Works,176.45,100.67,1.36,8.92,6.59,5.27,STANDARD,1000,TRUE
WS-WSA-00796,TrailForge Classic Ski Goggles Edge,Winter Sports,Winter Sports Accessories,TrailForge,162.99,79.29,0.82,8.72,7.23,5.41,STANDARD,1000,TRUE
WS-WSA-00797,Redwood Sporting Essential Hand Warmers Pack X2,Winter Sports,Winter Sports Accessories,Redwood Sporting,18.99,10.21,0.86,7.90,4.71,4.00,STANDARD,1000,TRUE
WS-WSA-00798,Northstar Outdoor Essential Helmet Liner NX 7,Winter Sports,Winter Sports Accessories,Northstar Outdoor,41.99,20.23,0.27,7.60,5.64,2.69,STANDARD,1000,TRUE
WS-WSA-00799,StrikeZone Athletics Classic Helmet Liner X2 8,Winter Sports,Winter Sports Accessories,StrikeZone Athletics,25.99,17.60,0.72,8.75,6.52,2.95,STANDARD,1000,TRUE
WS-WSA-00800,Pulse Athletics Core Hand Warmers Pack Edge 9,Winter Sports,Winter Sports Accessories,Pulse Athletics,14.99,7.32,1.82,8.65,4.52,4.36,STANDARD,1000,TRUE
WS-WSA-00801,StrikeZone Athletics Pro Helmet Liner Pro 10,Winter Sports,Winter Sports Accessories,StrikeZone Athletics,40.99,27.97,0.26,7.74,6.68,3.11,STANDARD,1000,TRUE
WS-WSA-00802,EverPeak Competition Helmet Liner NX 11,Winter Sports,Winter Sports Accessories,EverPeak,20.99,10.08,0.39,8.04,5.78,2.77,STANDARD,1000,TRUE
WS-WSA-00803,Apex Athletics Core Hand Warmers Pack NX 12,Winter Sports,Winter Sports Accessories,Apex Athletics,11.99,7.20,1.64,8.07,4.73,3.58,STANDARD,1000,TRUE
WS-WSA-00804,Summit Sports Pro Ski Goggles GT 13,Winter Sports,Winter Sports Accessories,Summit Sports,44.68,25.45,1.39,10.05,6.98,5.03,STANDARD,1000,TRUE
WS-WSA-00805,Velocity Gear Pro Hand Warmers Pack S 14,Winter Sports,Winter Sports Accessories,Velocity Gear,8.99,5.08,0.44,8.09,5.29,3.85,STANDARD,1000,TRUE
WS-WSA-00806,PeakMotion Premier Helmet Liner Edge 15,Winter Sports,Winter Sports Accessories,PeakMotion,41.99,30.20,0.43,7.65,5.43,3.28,STANDARD,1000,TRUE
WS-WSA-00807,ForgeLine Competition Ski Goggles Pro 16,Winter Sports,Winter Sports Accessories,ForgeLine,45.99,24.88,1.30,8.60,6.93,4.98,STANDARD,1000,TRUE
WS-WSA-00808,FieldCraft Essential Hand Warmers Pack Edge 17,Winter Sports,Winter Sports Accessories,FieldCraft,11.99,6.01,1.17,8.50,4.73,3.82,STANDARD,1000,TRUE
WS-WSA-00809,Pulse Athletics Performance Ski Goggles Pro 18,Winter Sports,Winter Sports Accessories,Pulse Athletics,74.99,38.78,1.30,10.02,7.63,4.63,STANDARD,1000,TRUE
WS-WSA-00810,TitanTrail Trail Hand Warmers Pack LT 19,Winter Sports,Winter Sports Accessories,TitanTrail,14.99,9.57,1.38,8.46,4.91,3.62,STANDARD,1000,TRUE
CS-B-00811,IronPeak Fitness Pro Speed Bag S,Combat Sports,Boxing,IronPeak Fitness,58.99,35.26,3.94,13.19,7.41,8.48,STANDARD,1000,TRUE
CS-B-00812,CourtLine Core Heavy Punching Bag Pro,Combat Sports,Boxing,CourtLine,352.99,223.97,149.69,49.63,14.85,16.68,LARGE,100,TRUE
CS-B-00813,Apex Athletics Endurance Speed Bag LT,Combat Sports,Boxing,Apex Athletics,92.43,47.79,3.61,12.07,8.73,7.91,STANDARD,1000,TRUE
CS-B-00814,TitanTrail Trail Speed Bag XR,Combat Sports,Boxing,TitanTrail,112.99,73.23,1.47,12.30,7.34,8.23,STANDARD,1000,TRUE
CS-B-00815,TrailForge Competition Speed Bag Max,Combat Sports,Boxing,TrailForge,90.99,49.56,1.23,12.10,8.74,7.86,STANDARD,1000,TRUE
CS-B-00816,FieldCraft Precision Boxing Hand Wraps S,Combat Sports,Boxing,FieldCraft,16.99,10.16,0.75,7.06,4.99,1.93,STANDARD,1000,TRUE
CS-B-00817,ForgeLine Endurance Heavy Punching Bag X1,Combat Sports,Boxing,ForgeLine,274.99,134.69,69.32,57.67,16.36,14.75,LARGE,100,TRUE
CS-B-00818,Velocity Gear Trail Speed Bag XR,Combat Sports,Boxing,Velocity Gear,48.99,27.67,1.07,11.72,7.75,7.58,STANDARD,1000,TRUE
CS-B-00819,TrailForge Pro Speed Bag X1 9,Combat Sports,Boxing,TrailForge,103.99,55.65,3.20,11.37,7.86,7.57,STANDARD,1000,TRUE
CS-B-00820,CourtLine Premier Boxing Hand Wraps S 10,Combat Sports,Boxing,CourtLine,17.99,12.19,0.92,6.88,5.25,1.99,STANDARD,1000,TRUE
CS-B-00821,ForgeLine Classic Boxing Gloves Max 11,Combat Sports,Boxing,ForgeLine,131.99,92.16,1.22,13.93,7.45,6.14,STANDARD,1000,TRUE
CS-B-00822,PeakMotion Core Boxing Hand Wraps XR 12,Combat Sports,Boxing,PeakMotion,9.99,6.60,0.62,6.79,4.64,2.16,STANDARD,1000,TRUE
CS-B-00823,EverPeak Premier Heavy Punching Bag XR 13,Combat Sports,Boxing,EverPeak,252.99,136.86,66.34,51.64,16.07,17.49,LARGE,100,TRUE
CS-B-00824,StrikeZone Athletics Performance Boxing Hand Wraps XR 14,Combat Sports,Boxing,StrikeZone Athletics,11.99,7.38,0.73,6.33,4.87,2.00,STANDARD,1000,TRUE
CS-B-00825,BlueWave Sports Active Heavy Punching Bag Edge 15,Combat Sports,Boxing,BlueWave Sports,346.99,225.92,67.06,49.61,16.44,14.99,LARGE,100,TRUE
CS-B-00826,Redwood Sporting Active Boxing Hand Wraps Pro 16,Combat Sports,Boxing,Redwood Sporting,13.99,9.05,0.96,6.30,4.91,2.20,STANDARD,1000,TRUE
CS-B-00827,IronPeak Fitness Endurance Boxing Gloves NX 17,Combat Sports,Boxing,IronPeak Fitness,72.99,47.74,2.14,14.30,7.78,5.76,STANDARD,1000,TRUE
CS-B-00828,Altitude Works Pro Boxing Hand Wraps S 18,Combat Sports,Boxing,Altitude Works,24.88,12.79,0.59,6.55,5.10,1.96,STANDARD,1000,TRUE
CS-B-00829,IronPeak Fitness Competition Heavy Punching Bag S 19,Combat Sports,Boxing,IronPeak Fitness,245.08,124.97,130.73,49.67,14.82,17.12,LARGE,100,TRUE
CS-MA-00830,Northstar Outdoor Pro Kick Shield NX,Combat Sports,Martial Arts,Northstar Outdoor,126.99,67.29,9.33,23.92,16.95,8.80,STANDARD,1000,TRUE
CS-MA-00831,Velocity Gear Endurance Kick Shield LT,Combat Sports,Martial Arts,Velocity Gear,49.99,24.38,5.17,27.78,17.60,7.71,STANDARD,1000,TRUE
CS-MA-00832,Redwood Sporting Active Training Mat S,Combat Sports,Martial Arts,Redwood Sporting,67.28,44.19,23.12,36.51,21.38,7.49,LARGE,100,TRUE
CS-MA-00833,RidgeRunner Competition Kick Shield X2,Combat Sports,Martial Arts,RidgeRunner,73.26,35.47,7.11,28.78,16.86,8.55,STANDARD,1000,TRUE
CS-MA-00834,Redwood Sporting Trail Training Belt LT,Combat Sports,Martial Arts,Redwood Sporting,17.99,10.75,0.26,8.10,5.14,1.83,STANDARD,1000,TRUE
CS-MA-00835,PeakMotion Classic Training Mat Edge,Combat Sports,Martial Arts,PeakMotion,235.99,151.15,14.23,44.12,21.12,7.82,LARGE,100,TRUE
CS-MA-00836,Northstar Outdoor Endurance Training Mat Pro,Combat Sports,Martial Arts,Northstar Outdoor,200.99,103.67,15.41,39.92,26.27,7.81,LARGE,100,TRUE
CS-MA-00837,IronPeak Fitness Premier Martial Arts Uniform X1,Combat Sports,Martial Arts,IronPeak Fitness,124.99,62.19,3.05,10.67,10.95,4.06,STANDARD,1000,TRUE
CS-MA-00838,StrikeZone Athletics Precision Training Belt X2 9,Combat Sports,Martial Arts,StrikeZone Athletics,24.71,17.09,0.91,7.41,5.17,2.22,STANDARD,1000,TRUE
CS-MA-00839,CoreEdge Core Training Belt Edge 10,Combat Sports,Martial Arts,CoreEdge,17.99,12.55,0.73,7.62,5.29,1.82,STANDARD,1000,TRUE
CS-MA-00840,BlueWave Sports Premier Kick Shield NX 11,Combat Sports,Martial Arts,BlueWave Sports,137.99,81.12,8.57,28.29,16.66,7.36,STANDARD,1000,TRUE
CS-MA-00841,IronPeak Fitness Pro Kick Shield Pro 12,Combat Sports,Martial Arts,IronPeak Fitness,129.95,78.35,5.98,24.50,16.57,8.05,STANDARD,1000,TRUE
CS-MA-00842,RidgeRunner Active Kick Shield Pro 13,Combat Sports,Martial Arts,RidgeRunner,154.99,84.71,7.52,23.65,17.09,8.02,STANDARD,1000,TRUE
CS-MA-00843,StrikeZone Athletics Trail Kick Shield LT 14,Combat Sports,Martial Arts,StrikeZone Athletics,84.99,56.21,9.54,26.76,16.52,7.96,STANDARD,1000,TRUE
CS-MA-00844,IronPeak Fitness Competition Martial Arts Uniform X1 15,Combat Sports,Martial Arts,IronPeak Fitness,106.99,63.38,1.63,11.43,9.07,3.60,STANDARD,1000,TRUE
CS-MA-00845,EverPeak Precision Kick Shield XR 16,Combat Sports,Martial Arts,EverPeak,121.99,84.87,9.70,23.50,16.84,8.18,STANDARD,1000,TRUE
CS-MA-00846,Velocity Gear Essential Martial Arts Uniform Edge 17,Combat Sports,Martial Arts,Velocity Gear,118.99,83.93,1.65,10.64,10.17,4.41,STANDARD,1000,TRUE
CS-MA-00847,StrikeZone Athletics Core Kick Shield S 18,Combat Sports,Martial Arts,StrikeZone Athletics,51.99,27.19,7.17,26.51,15.09,7.66,STANDARD,1000,TRUE
CS-MA-00848,Summit Sports Trail Training Mat NX 19,Combat Sports,Martial Arts,Summit Sports,91.99,44.51,28.28,39.99,26.51,8.08,LARGE,100,TRUE
CS-M-00849,IronPeak Fitness Performance MMA Gloves X2,Combat Sports,MMA,IronPeak Fitness,81.99,55.87,1.01,10.70,6.53,3.84,STANDARD,1000,TRUE
CS-M-00850,RidgeRunner Pro MMA Gloves S,Combat Sports,MMA,RidgeRunner,109.99,75.98,1.86,9.27,7.70,4.02,STANDARD,1000,TRUE
CS-M-00851,IronPeak Fitness Endurance MMA Shin Guards LT,Combat Sports,MMA,IronPeak Fitness,99.99,71.60,2.24,16.64,9.38,6.08,STANDARD,1000,TRUE
CS-M-00852,Redwood Sporting Active Grappling Dummy Max,Combat Sports,MMA,Redwood Sporting,245.99,167.09,58.90,36.62,18.48,16.46,LARGE,100,TRUE
CS-M-00853,ForgeLine Active MMA Gloves X1,Combat Sports,MMA,ForgeLine,61.99,43.37,0.79,9.83,7.26,3.88,STANDARD,1000,TRUE
CS-M-00854,TitanTrail Trail Grappling Dummy S,Combat Sports,MMA,TitanTrail,296.99,176.69,56.04,40.29,21.15,16.18,LARGE,100,TRUE
CS-M-00855,EverPeak Trail Grappling Dummy XR 7,Combat Sports,MMA,EverPeak,140.99,71.61,57.62,42.68,19.23,16.84,LARGE,100,TRUE
CS-M-00856,Vantage Sport Core MMA Gloves GT 8,Combat Sports,MMA,Vantage Sport,129.99,76.51,0.96,10.31,7.16,4.42,STANDARD,1000,TRUE
CS-M-00857,TrailForge Endurance MMA Shin Guards GT 9,Combat Sports,MMA,TrailForge,95.99,53.21,3.95,16.35,10.76,5.86,STANDARD,1000,TRUE
CS-M-00858,EverPeak Essential Grappling Dummy NX 10,Combat Sports,MMA,EverPeak,238.99,166.70,22.42,38.08,18.22,16.92,LARGE,100,TRUE
CS-M-00859,CoreEdge Pro MMA Shin Guards Edge 11,Combat Sports,MMA,CoreEdge,42.99,20.65,2.26,16.05,9.62,6.70,STANDARD,1000,TRUE
CS-M-00860,CourtLine Precision MMA Gloves LT 12,Combat Sports,MMA,CourtLine,85.07,46.43,1.83,10.32,7.44,4.42,STANDARD,1000,TRUE
CS-M-00861,ForgeLine Performance Grappling Dummy XR 13,Combat Sports,MMA,ForgeLine,92.99,54.01,31.49,43.58,19.58,16.96,LARGE,100,TRUE
CS-M-00862,Northstar Outdoor Elite MMA Gloves Edge 14,Combat Sports,MMA,Northstar Outdoor,123.99,83.01,0.51,9.28,7.62,4.01,STANDARD,1000,TRUE
CS-M-00863,Altitude Works Competition MMA Shin Guards LT 15,Combat Sports,MMA,Altitude Works,30.99,17.47,3.51,18.29,8.94,5.33,STANDARD,1000,TRUE
CS-M-00864,Northstar Outdoor Competition Grappling Dummy X2 16,Combat Sports,MMA,Northstar Outdoor,118.99,63.31,32.19,38.21,20.12,17.66,LARGE,100,TRUE
CS-M-00865,Apex Athletics Pro MMA Gloves X1 17,Combat Sports,MMA,Apex Athletics,118.99,75.35,0.88,10.04,7.70,3.92,STANDARD,1000,TRUE
CS-M-00866,Pulse Athletics Elite MMA Shin Guards X1 18,Combat Sports,MMA,Pulse Athletics,80.99,57.92,2.47,16.82,8.83,5.95,STANDARD,1000,TRUE
CS-M-00867,EverPeak Classic Grappling Dummy X1 19,Combat Sports,MMA,EverPeak,135.99,83.71,59.50,37.77,20.57,15.85,LARGE,100,TRUE
CS-PG-00868,Vantage Sport Endurance Head Guard X2,Combat Sports,Protective Gear,Vantage Sport,98.99,62.19,3.30,11.96,9.23,8.93,STANDARD,1000,TRUE
CS-PG-00869,Pulse Athletics Core Head Guard X1,Combat Sports,Protective Gear,Pulse Athletics,66.99,37.43,2.42,10.58,10.91,8.25,STANDARD,1000,TRUE
CS-PG-00870,IronPeak Fitness Elite Head Guard XR,Combat Sports,Protective Gear,IronPeak Fitness,146.99,88.27,1.94,10.58,10.59,7.07,STANDARD,1000,TRUE
CS-PG-00871,BlueWave Sports Essential Mouthguard Max,Combat Sports,Protective Gear,BlueWave Sports,20.99,14.44,0.46,5.14,4.09,1.93,STANDARD,1000,TRUE
CS-PG-00872,CourtLine Trail Chest Protector S,Combat Sports,Protective Gear,CourtLine,105.99,70.94,7.05,22.63,16.73,8.86,STANDARD,1000,TRUE
CS-PG-00873,Pulse Athletics Trail Mouthguard XR,Combat Sports,Protective Gear,Pulse Athletics,37.99,26.11,0.12,4.95,4.41,1.96,STANDARD,1000,TRUE
CS-PG-00874,EverPeak Core Chest Protector Edge 7,Combat Sports,Protective Gear,EverPeak,69.99,40.92,5.70,24.16,17.02,7.88,STANDARD,1000,TRUE
CS-PG-00875,EverPeak Premier Mouthguard Pro 8,Combat Sports,Protective Gear,EverPeak,20.99,12.01,0.24,4.51,3.75,1.99,STANDARD,1000,TRUE
CS-PG-00876,Vantage Sport Premier Chest Protector Pro 9,Combat Sports,Protective Gear,Vantage Sport,130.99,84.88,4.19,24.18,19.10,8.75,STANDARD,1000,TRUE
CS-PG-00877,PeakMotion Trail Mouthguard GT 10,Combat Sports,Protective Gear,PeakMotion,25.99,14.17,0.20,4.81,3.76,2.12,STANDARD,1000,TRUE
CS-PG-00878,TitanTrail Active Head Guard X2 11,Combat Sports,Protective Gear,TitanTrail,68.13,33.58,3.32,11.19,10.76,8.83,STANDARD,1000,TRUE
CS-PG-00879,Velocity Gear Endurance Chest Protector XR 12,Combat Sports,Protective Gear,Velocity Gear,117.99,81.49,2.19,23.59,17.67,8.35,STANDARD,1000,TRUE
CS-PG-00880,StrikeZone Athletics Pro Chest Protector X1 13,Combat Sports,Protective Gear,StrikeZone Athletics,89.99,49.30,5.29,21.63,18.73,7.17,STANDARD,1000,TRUE
CS-PG-00881,Altitude Works Premier Head Guard X1 14,Combat Sports,Protective Gear,Altitude Works,53.99,38.02,3.58,11.10,9.62,7.67,STANDARD,1000,TRUE
CS-PG-00882,TitanTrail Core Head Guard Edge 15,Combat Sports,Protective Gear,TitanTrail,97.99,58.08,1.94,11.83,10.13,8.20,STANDARD,1000,TRUE
CS-PG-00883,TitanTrail Elite Chest Protector X1 16,Combat Sports,Protective Gear,TitanTrail,99.99,57.17,4.80,21.83,19.48,7.41,STANDARD,1000,TRUE
CS-PG-00884,PeakMotion Precision Chest Protector X1 17,Combat Sports,Protective Gear,PeakMotion,126.99,84.39,2.53,21.86,17.46,7.37,STANDARD,1000,TRUE
CS-PG-00885,Northstar Outdoor Active Chest Protector Max 18,Combat Sports,Protective Gear,Northstar Outdoor,87.99,47.47,4.88,24.29,19.19,8.30,STANDARD,1000,TRUE
CS-PG-00886,PeakMotion Active Mouthguard X1 19,Combat Sports,Protective Gear,PeakMotion,19.99,12.91,0.39,5.37,3.64,2.17,STANDARD,1000,TRUE
CS-TE-00887,BlueWave Sports Classic Freestanding Punching Bag Pro,Combat Sports,Training Equipment,BlueWave Sports,299.99,208.16,72.86,28.12,27.05,69.17,OVERSIZED,20,TRUE
CS-TE-00888,ForgeLine Competition Focus Mitt Set X1,Combat Sports,Training Equipment,ForgeLine,90.88,48.55,2.80,11.90,8.79,5.45,STANDARD,1000,TRUE
CS-TE-00889,EverPeak Core Reflex Bag Pro,Combat Sports,Training Equipment,EverPeak,96.99,47.42,68.05,26.79,21.14,61.52,LARGE,100,TRUE
CS-TE-00890,PeakMotion Classic Freestanding Punching Bag S,Combat Sports,Training Equipment,PeakMotion,317.99,201.76,72.67,25.16,25.15,72.93,OVERSIZED,20,TRUE
CS-TE-00891,PeakMotion Premier Reflex Bag Pro,Combat Sports,Training Equipment,PeakMotion,137.99,72.80,39.54,23.95,24.16,57.26,LARGE,100,TRUE
CS-TE-00892,Velocity Gear Performance Focus Mitt Set S,Combat Sports,Training Equipment,Velocity Gear,107.99,58.37,3.04,12.67,8.90,4.81,STANDARD,1000,TRUE
CS-TE-00893,IronPeak Fitness Endurance Freestanding Punching Bag X2 7,Combat Sports,Training Equipment,IronPeak Fitness,365.99,250.39,72.00,29.53,28.31,62.33,OVERSIZED,20,TRUE
CS-TE-00894,RidgeRunner Core Focus Mitt Set XR 8,Combat Sports,Training Equipment,RidgeRunner,119.99,63.73,3.22,12.98,10.01,5.48,STANDARD,1000,TRUE
CS-TE-00895,TrailForge Classic Reflex Bag LT 9,Combat Sports,Training Equipment,TrailForge,95.99,49.84,60.10,22.87,21.78,64.53,LARGE,100,TRUE
CS-TE-00896,Pulse Athletics Elite Reflex Bag XR 10,Combat Sports,Training Equipment,Pulse Athletics,86.99,53.84,27.58,26.14,23.60,63.42,LARGE,100,TRUE
CS-TE-00897,PeakMotion Elite Freestanding Punching Bag LT 11,Combat Sports,Training Equipment,PeakMotion,151.99,98.10,98.83,25.01,30.92,68.83,OVERSIZED,20,TRUE
CS-TE-00898,RidgeRunner Core Reflex Bag Pro 12,Combat Sports,Training Equipment,RidgeRunner,216.99,132.40,38.04,25.60,21.94,52.99,LARGE,100,TRUE
CS-TE-00899,ForgeLine Pro Focus Mitt Set Pro 13,Combat Sports,Training Equipment,ForgeLine,109.99,55.34,1.99,12.57,9.56,4.88,STANDARD,1000,TRUE
CS-TE-00900,CoreEdge Classic Focus Mitt Set Max 14,Combat Sports,Training Equipment,CoreEdge,71.47,44.18,2.74,11.58,8.65,5.56,STANDARD,1000,TRUE
CS-TE-00901,Redwood Sporting Essential Focus Mitt Set X1 15,Combat Sports,Training Equipment,Redwood Sporting,95.99,61.28,2.31,10.82,9.30,5.00,STANDARD,1000,TRUE
CS-TE-00902,PeakMotion Core Freestanding Punching Bag GT 16,Combat Sports,Training Equipment,PeakMotion,422.99,265.59,92.77,30.03,25.36,64.21,OVERSIZED,20,TRUE
CS-TE-00903,IronPeak Fitness Premier Reflex Bag Edge 17,Combat Sports,Training Equipment,IronPeak Fitness,234.99,129.58,39.49,23.27,24.87,65.99,LARGE,100,TRUE
CS-TE-00904,RidgeRunner Trail Reflex Bag XR 18,Combat Sports,Training Equipment,RidgeRunner,248.99,134.92,33.97,26.47,25.58,60.95,LARGE,100,TRUE
CS-TE-00905,PeakMotion Essential Freestanding Punching Bag XR 19,Combat Sports,Training Equipment,PeakMotion,536.99,287.30,62.02,27.01,29.98,62.88,OVERSIZED,20,TRUE
SA-SB-00906,ForgeLine Endurance Duffel Sports Bag GT,Sports Accessories,Sports Bags,ForgeLine,83.99,49.45,3.46,24.31,13.36,11.22,STANDARD,1000,TRUE
SA-SB-00907,RidgeRunner Trail Duffel Sports Bag GT,Sports Accessories,Sports Bags,RidgeRunner,53.99,34.78,2.03,23.80,13.39,12.37,STANDARD,1000,TRUE
SA-SB-00908,CourtLine Performance Duffel Sports Bag X1,Sports Accessories,Sports Bags,CourtLine,117.99,64.24,1.87,21.14,13.84,13.30,STANDARD,1000,TRUE
SA-SB-00909,Northstar Outdoor Pro Equipment Wheeled Bag Max,Sports Accessories,Sports Bags,Northstar Outdoor,134.99,66.09,7.79,37.87,18.46,15.56,LARGE,100,TRUE
SA-SB-00910,CourtLine Precision Drawstring Gym Bag Pro,Sports Accessories,Sports Bags,CourtLine,17.99,11.85,0.41,10.76,10.08,2.18,STANDARD,1000,TRUE
SA-SB-00911,RidgeRunner Precision Equipment Wheeled Bag X1,Sports Accessories,Sports Bags,RidgeRunner,149.99,86.53,14.40,38.51,19.89,15.23,LARGE,100,TRUE
SA-SB-00912,Redwood Sporting Competition Equipment Wheeled Bag LT 7,Sports Accessories,Sports Bags,Redwood Sporting,238.99,146.69,8.48,40.18,19.10,15.91,LARGE,100,TRUE
SA-SB-00913,PeakMotion Elite Duffel Sports Bag S 8,Sports Accessories,Sports Bags,PeakMotion,59.99,32.67,1.01,24.79,14.02,11.26,STANDARD,1000,TRUE
SA-SB-00914,Apex Athletics Premier Equipment Wheeled Bag XR 9,Sports Accessories,Sports Bags,Apex Athletics,115.99,59.59,5.70,35.20,19.92,16.44,LARGE,100,TRUE
SA-SB-00915,Pulse Athletics Trail Drawstring Gym Bag GT 10,Sports Accessories,Sports Bags,Pulse Athletics,14.99,8.37,0.23,11.11,10.26,1.90,STANDARD,1000,TRUE
SA-SB-00916,RidgeRunner Elite Duffel Sports Bag S 11,Sports Accessories,Sports Bags,RidgeRunner,123.99,70.77,4.35,26.01,15.64,12.40,STANDARD,1000,TRUE
SA-SB-00917,Pulse Athletics Essential Duffel Sports Bag Edge 12,Sports Accessories,Sports Bags,Pulse Athletics,76.99,41.37,1.29,26.03,12.77,11.82,STANDARD,1000,TRUE
SA-SB-00918,FieldCraft Precision Drawstring Gym Bag X2 13,Sports Accessories,Sports Bags,FieldCraft,31.99,20.03,0.55,11.86,10.44,1.92,STANDARD,1000,TRUE
SA-SB-00919,Redwood Sporting Competition Drawstring Gym Bag NX 14,Sports Accessories,Sports Bags,Redwood Sporting,36.31,21.20,0.70,12.28,9.57,1.90,STANDARD,1000,TRUE
SA-SB-00920,IronPeak Fitness Pro Drawstring Gym Bag Edge 15,Sports Accessories,Sports Bags,IronPeak Fitness,21.99,13.32,0.82,11.08,8.84,1.96,STANDARD,1000,TRUE
SA-SB-00921,EverPeak Active Duffel Sports Bag Edge 16,Sports Accessories,Sports Bags,EverPeak,122.99,76.38,4.36,22.73,12.42,10.67,STANDARD,1000,TRUE
SA-SB-00922,FieldCraft Active Duffel Sports Bag Max 17,Sports Accessories,Sports Bags,FieldCraft,36.02,25.28,1.74,21.34,13.20,11.82,STANDARD,1000,TRUE
SA-SB-00923,RidgeRunner Premier Duffel Sports Bag Pro 18,Sports Accessories,Sports Bags,RidgeRunner,90.99,60.59,1.41,21.81,13.71,10.93,STANDARD,1000,TRUE
SA-SB-00924,CoreEdge Classic Equipment Wheeled Bag GT 19,Sports Accessories,Sports Bags,CoreEdge,209.99,137.34,13.52,35.59,17.27,15.51,LARGE,100,TRUE
SA-WB-00925,Pulse Athletics Essential Insulated Sports Bottle S,Sports Accessories,Water Bottles,Pulse Athletics,30.99,19.29,0.68,11.38,4.22,4.25,STANDARD,1000,TRUE
SA-WB-00926,Redwood Sporting Trail Hydration Jug XR,Sports Accessories,Water Bottles,Redwood Sporting,29.99,15.32,3.75,15.38,8.32,8.74,STANDARD,1000,TRUE
SA-WB-00927,CoreEdge Performance Insulated Sports Bottle Edge,Sports Accessories,Water Bottles,CoreEdge,48.99,27.99,1.61,13.36,3.73,3.60,STANDARD,1000,TRUE
SA-WB-00928,ForgeLine Essential Hydration Jug GT,Sports Accessories,Water Bottles,ForgeLine,40.99,29.07,3.63,14.67,8.07,8.66,STANDARD,1000,TRUE
SA-WB-00929,IronPeak Fitness Performance Hydration Jug NX,Sports Accessories,Water Bottles,IronPeak Fitness,55.99,37.76,3.92,12.66,8.34,7.06,STANDARD,1000,TRUE
SA-WB-00930,ForgeLine Precision Shaker Bottle GT,Sports Accessories,Water Bottles,ForgeLine,16.99,10.76,0.48,10.85,3.62,4.10,STANDARD,1000,TRUE
SA-WB-00931,EverPeak Core Hydration Jug GT 7,Sports Accessories,Water Bottles,EverPeak,31.11,15.77,1.81,14.96,8.57,8.81,STANDARD,1000,TRUE
SA-WB-00932,BlueWave Sports Trail Insulated Sports Bottle S 8,Sports Accessories,Water Bottles,BlueWave Sports,22.99,11.20,1.48,11.28,4.39,3.88,STANDARD,1000,TRUE
SA-WB-00933,Velocity Gear Core Insulated Sports Bottle X2 9,Sports Accessories,Water Bottles,Velocity Gear,30.99,17.19,1.59,12.09,4.34,4.41,STANDARD,1000,TRUE
SA-WB-00934,Redwood Sporting Endurance Hydration Jug Max 10,Sports Accessories,Water Bottles,Redwood Sporting,31.99,19.94,1.01,14.96,8.76,8.02,STANDARD,1000,TRUE
SA-WB-00935,TitanTrail Essential Insulated Sports Bottle Edge 11,Sports Accessories,Water Bottles,TitanTrail,43.99,22.44,0.91,12.65,4.25,4.40,STANDARD,1000,TRUE
SA-WB-00936,BlueWave Sports Competition Insulated Sports Bottle X1 12,Sports Accessories,Water Bottles,BlueWave Sports,21.99,13.29,0.57,11.23,3.55,4.06,STANDARD,1000,TRUE
SA-WB-00937,ForgeLine Classic Hydration Jug Edge 13,Sports Accessories,Water Bottles,ForgeLine,53.99,31.65,3.75,15.53,7.91,7.88,STANDARD,1000,TRUE
SA-WB-00938,FieldCraft Essential Hydration Jug Edge 14,Sports Accessories,Water Bottles,FieldCraft,31.99,19.28,3.64,15.32,7.32,7.90,STANDARD,1000,TRUE
SA-WB-00939,PeakMotion Performance Hydration Jug GT 15,Sports Accessories,Water Bottles,PeakMotion,22.99,16.20,1.26,12.65,8.95,8.04,STANDARD,1000,TRUE
SA-WB-00940,Redwood Sporting Essential Insulated Sports Bottle GT 16,Sports Accessories,Water Bottles,Redwood Sporting,35.99,19.95,1.75,10.77,4.33,4.30,STANDARD,1000,TRUE
SA-WB-00941,TrailForge Performance Hydration Jug GT 17,Sports Accessories,Water Bottles,TrailForge,38.99,26.07,1.97,14.93,8.34,8.75,STANDARD,1000,TRUE
SA-WB-00942,Velocity Gear Trail Shaker Bottle X1 18,Sports Accessories,Water Bottles,Velocity Gear,23.99,12.06,0.90,9.86,4.14,4.19,STANDARD,1000,TRUE
SA-WB-00943,TrailForge Pro Hydration Jug LT 19,Sports Accessories,Water Bottles,TrailForge,44.99,22.73,3.08,12.56,8.95,7.20,STANDARD,1000,TRUE
SA-PE-00944,PeakMotion Classic Elbow Pad Set GT,Sports Accessories,Protective Equipment,PeakMotion,17.99,12.56,1.52,10.64,7.32,4.21,STANDARD,1000,TRUE
SA-PE-00945,TitanTrail Pro Protective Cup Max,Sports Accessories,Protective Equipment,TitanTrail,12.99,9.02,0.31,7.29,6.24,4.11,STANDARD,1000,TRUE
SA-PE-00946,PeakMotion Performance Protective Cup LT,Sports Accessories,Protective Equipment,PeakMotion,45.99,28.46,0.36,8.69,5.64,4.29,STANDARD,1000,TRUE
SA-PE-00947,Summit Sports Pro All-Sport Knee Pads Pro,Sports Accessories,Protective Equipment,Summit Sports,22.99,13.73,1.27,12.14,8.29,5.32,STANDARD,1000,TRUE
SA-PE-00948,BlueWave Sports Trail Protective Cup XR,Sports Accessories,Protective Equipment,BlueWave Sports,23.99,13.41,0.83,8.44,5.84,4.41,STANDARD,1000,TRUE
SA-PE-00949,BlueWave Sports Competition Protective Cup GT,Sports Accessories,Protective Equipment,BlueWave Sports,37.99,22.30,0.38,7.71,5.93,4.44,STANDARD,1000,TRUE
SA-PE-00950,ForgeLine Premier Protective Cup XR 7,Sports Accessories,Protective Equipment,ForgeLine,30.99,15.72,0.80,7.86,5.46,3.81,STANDARD,1000,TRUE
SA-PE-00951,Pulse Athletics Trail All-Sport Knee Pads XR 8,Sports Accessories,Protective Equipment,Pulse Athletics,49.99,35.23,1.66,13.21,7.44,4.67,STANDARD,1000,TRUE
SA-PE-00952,BlueWave Sports Precision Protective Cup LT 9,Sports Accessories,Protective Equipment,BlueWave Sports,33.99,17.93,0.89,8.09,6.31,3.59,STANDARD,1000,TRUE
SA-PE-00953,CourtLine Pro Protective Cup GT 10,Sports Accessories,Protective Equipment,CourtLine,22.99,15.00,0.96,8.40,6.11,4.33,STANDARD,1000,TRUE
SA-PE-00954,PeakMotion Performance All-Sport Knee Pads Max 11,Sports Accessories,Protective Equipment,PeakMotion,45.99,28.20,0.81,11.86,8.56,5.19,STANDARD,1000,TRUE
SA-PE-00955,IronPeak Fitness Precision All-Sport Knee Pads Pro 12,Sports Accessories,Protective Equipment,IronPeak Fitness,33.15,18.69,0.53,10.81,8.89,4.79,STANDARD,1000,TRUE
SA-PE-00956,Redwood Sporting Competition Elbow Pad Set NX 13,Sports Accessories,Protective Equipment,Redwood Sporting,41.99,29.61,1.16,11.19,7.69,3.53,STANDARD,1000,TRUE
SA-PE-00957,BlueWave Sports Pro Elbow Pad Set X2 14,Sports Accessories,Protective Equipment,BlueWave Sports,31.99,17.71,1.47,9.88,7.79,3.69,STANDARD,1000,TRUE
SA-PE-00958,TrailForge Competition All-Sport Knee Pads LT 15,Sports Accessories,Protective Equipment,TrailForge,60.99,40.24,0.69,12.24,7.10,4.48,STANDARD,1000,TRUE
SA-PE-00959,ForgeLine Premier All-Sport Knee Pads S 16,Sports Accessories,Protective Equipment,ForgeLine,76.99,40.58,1.44,12.03,8.50,5.34,STANDARD,1000,TRUE
SA-PE-00960,Pulse Athletics Essential Elbow Pad Set X2 17,Sports Accessories,Protective Equipment,Pulse Athletics,55.99,34.86,0.96,8.98,6.58,3.83,STANDARD,1000,TRUE
SA-PE-00961,Northstar Outdoor Performance All-Sport Knee Pads X2 18,Sports Accessories,Protective Equipment,Northstar Outdoor,39.99,23.95,1.42,13.06,7.26,4.98,STANDARD,1000,TRUE
SA-PE-00962,RidgeRunner Precision Protective Cup Edge 19,Sports Accessories,Protective Equipment,RidgeRunner,20.99,13.10,0.54,8.53,6.12,3.79,STANDARD,1000,TRUE
SA-TA-00963,Apex Athletics Essential Speed Hurdle Set X1,Sports Accessories,Training Aids,Apex Athletics,89.99,63.64,3.02,22.86,11.38,8.81,STANDARD,1000,TRUE
SA-TA-00964,Apex Athletics Essential Reaction Ball Set X1,Sports Accessories,Training Aids,Apex Athletics,17.62,11.17,1.01,8.92,5.94,3.98,STANDARD,1000,TRUE
SA-TA-00965,StrikeZone Athletics Trail Training Cone Set GT,Sports Accessories,Training Aids,StrikeZone Athletics,48.99,27.88,2.63,10.71,10.02,7.11,STANDARD,1000,TRUE
SA-TA-00966,CoreEdge Essential Agility Ladder LT,Sports Accessories,Training Aids,CoreEdge,64.87,33.60,1.66,11.02,7.95,3.64,STANDARD,1000,TRUE
SA-TA-00967,StrikeZone Athletics Elite Reaction Ball Set S,Sports Accessories,Training Aids,StrikeZone Athletics,17.99,11.09,1.06,8.75,5.84,4.29,STANDARD,1000,TRUE
SA-TA-00968,Summit Sports Active Reaction Ball Set XR,Sports Accessories,Training Aids,Summit Sports,18.99,11.82,0.42,7.64,5.82,3.98,STANDARD,1000,TRUE
SA-TA-00969,BlueWave Sports Active Agility Ladder Max,Sports Accessories,Training Aids,BlueWave Sports,40.99,20.61,3.99,11.18,8.75,3.56,STANDARD,1000,TRUE
SA-TA-00970,FieldCraft Elite Agility Ladder NX,Sports Accessories,Training Aids,FieldCraft,53.99,27.72,1.07,11.59,8.11,4.32,STANDARD,1000,TRUE
SA-TA-00971,CourtLine Active Agility Ladder X1 9,Sports Accessories,Training Aids,CourtLine,46.99,23.42,1.65,12.25,7.07,3.88,STANDARD,1000,TRUE
SA-TA-00972,Summit Sports Performance Agility Ladder X1 10,Sports Accessories,Training Aids,Summit Sports,63.99,41.50,2.61,11.10,8.40,3.72,STANDARD,1000,TRUE
SA-TA-00973,Vantage Sport Precision Reaction Ball Set LT 11,Sports Accessories,Training Aids,Vantage Sport,21.99,15.71,0.54,8.47,5.31,3.53,STANDARD,1000,TRUE
SA-TA-00974,Altitude Works Premier Training Cone Set X2 12,Sports Accessories,Training Aids,Altitude Works,41.99,27.68,1.94,10.85,10.67,8.52,STANDARD,1000,TRUE
SA-TA-00975,Altitude Works Core Agility Ladder X2 13,Sports Accessories,Training Aids,Altitude Works,42.99,27.29,3.81,13.23,8.41,4.03,STANDARD,1000,TRUE
SA-TA-00976,CoreEdge Core Speed Hurdle Set LT 14,Sports Accessories,Training Aids,CoreEdge,94.99,48.64,5.13,23.11,10.69,8.36,STANDARD,1000,TRUE
SA-TA-00977,IronPeak Fitness Pro Speed Hurdle Set X1 15,Sports Accessories,Training Aids,IronPeak Fitness,48.99,24.25,8.93,25.99,11.52,8.75,STANDARD,1000,TRUE
SA-TA-00978,TrailForge Endurance Training Cone Set Edge 16,Sports Accessories,Training Aids,TrailForge,35.04,24.76,4.51,10.81,9.83,7.48,STANDARD,1000,TRUE
SA-TA-00979,Apex Athletics Performance Speed Hurdle Set X2 17,Sports Accessories,Training Aids,Apex Athletics,83.10,48.29,7.91,26.35,10.92,7.11,STANDARD,1000,TRUE
SA-TA-00980,RidgeRunner Core Agility Ladder Edge 18,Sports Accessories,Training Aids,RidgeRunner,42.99,29.35,3.56,10.81,7.69,3.61,STANDARD,1000,TRUE
SA-TA-00981,BlueWave Sports Elite Agility Ladder Max 19,Sports Accessories,Training Aids,BlueWave Sports,36.99,20.42,2.54,10.65,7.97,4.48,STANDARD,1000,TRUE
SA-SE-00982,Redwood Sporting Premier GPS Sports Watch Edge,Sports Accessories,Sports Electronics,Redwood Sporting,303.99,185.36,0.14,5.41,4.06,2.72,STANDARD,1000,TRUE
SA-SE-00983,Northstar Outdoor Core Sports Action Camera Max,Sports Accessories,Sports Electronics,Northstar Outdoor,226.99,161.99,0.49,6.83,4.87,3.65,STANDARD,1000,TRUE
SA-SE-00984,Pulse Athletics Classic GPS Sports Watch GT,Sports Accessories,Sports Electronics,Pulse Athletics,483.99,260.85,0.41,6.67,3.75,2.79,STANDARD,1000,TRUE
SA-SE-00985,BlueWave Sports Endurance Sports Action Camera X2,Sports Accessories,Sports Electronics,BlueWave Sports,314.99,181.76,0.63,6.52,5.17,4.04,STANDARD,1000,TRUE
SA-SE-00986,RidgeRunner Pro Electronic Scoreboard LT,Sports Accessories,Sports Electronics,RidgeRunner,641.99,420.50,13.01,32.36,21.88,5.72,LARGE,100,TRUE
SA-SE-00987,Apex Athletics Elite GPS Sports Watch XR,Sports Accessories,Sports Electronics,Apex Athletics,100.99,65.78,0.23,5.90,4.13,2.92,STANDARD,1000,TRUE
SA-SE-00988,TrailForge Pro GPS Sports Watch GT,Sports Accessories,Sports Electronics,TrailForge,320.99,155.68,0.18,5.99,4.15,3.19,STANDARD,1000,TRUE
SA-SE-00989,ForgeLine Elite Electronic Scoreboard NX,Sports Accessories,Sports Electronics,ForgeLine,732.99,439.33,22.59,28.99,21.11,6.27,LARGE,100,TRUE
SA-SE-00990,IronPeak Fitness Classic GPS Sports Watch LT 9,Sports Accessories,Sports Electronics,IronPeak Fitness,449.99,275.86,0.29,5.63,4.11,2.75,STANDARD,1000,TRUE
SA-SE-00991,Summit Sports Essential Electronic Scoreboard Max 10,Sports Accessories,Sports Electronics,Summit Sports,628.99,302.63,15.25,27.83,20.94,6.41,LARGE,100,TRUE
SA-SE-00992,Velocity Gear Performance GPS Sports Watch X2 11,Sports Accessories,Sports Electronics,Velocity Gear,416.21,267.20,0.10,6.13,4.43,2.97,STANDARD,1000,TRUE
SA-SE-00993,Apex Athletics Elite Electronic Scoreboard XR 12,Sports Accessories,Sports Electronics,Apex Athletics,416.99,229.13,24.98,33.05,22.26,5.95,LARGE,100,TRUE
SA-SE-00994,StrikeZone Athletics Competition Sports Action Camera X1 13,Sports Accessories,Sports Electronics,StrikeZone Athletics,279.99,139.25,0.65,6.98,4.96,4.46,STANDARD,1000,TRUE
SA-SE-00995,TitanTrail Elite Electronic Scoreboard X2 14,Sports Accessories,Sports Electronics,TitanTrail,232.99,166.96,17.06,27.47,17.60,5.45,LARGE,100,TRUE
SA-SE-00996,Apex Athletics Premier Sports Action Camera GT 15,Sports Accessories,Sports Electronics,Apex Athletics,414.77,295.83,0.72,7.48,5.58,4.09,STANDARD,1000,TRUE
SA-SE-00997,PeakMotion Essential GPS Sports Watch X1 16,Sports Accessories,Sports Electronics,PeakMotion,568.14,340.18,0.22,6.33,4.06,3.08,STANDARD,1000,TRUE
SA-SE-00998,TitanTrail Trail Heart Rate Monitor NX 17,Sports Accessories,Sports Electronics,TitanTrail,71.99,51.79,0.37,6.59,4.28,2.76,STANDARD,1000,TRUE
SA-SE-00999,Redwood Sporting Active Sports Action Camera X1 18,Sports Accessories,Sports Electronics,Redwood Sporting,233.40,130.73,0.92,6.94,5.38,4.01,STANDARD,1000,TRUE
SA-SE-01000,IronPeak Fitness Core Sports Action Camera XR 19,Sports Accessories,Sports Electronics,IronPeak Fitness,245.99,166.82,0.92,6.61,5.40,3.77,STANDARD,1000,TRUE
